Rownum,Species,Popn,Year,UniID,mom,ID,Temp,date,Jdate,M0,Mi,iw,fw,active,instar,time,t.in,t.out,duration,mgain
1,Pieris_rapae,Seattle_WA,1999,11C.M0.1,0,1,11,36511,351,42.25,42.25,42.25,42.25,yes,5th,0,9.12,9.12,0,0
2,Pieris_rapae,Seattle_WA,1999,11C.M0.1,0,1,11,36511,351,42.25,42.25,42.25,52.31,yes,5th,8.483333333,9.12,17.41,8.483333333,10.06
3,Pieris_rapae,Seattle_WA,1999,11C.M0.1,0,1,11,36512,352,42.25,52.31,52.31,63.86,yes,5th,23.05,17.41,8.15,14.56666667,11.55
4,Pieris_rapae,Seattle_WA,1999,11C.M0.1,0,1,11,36512,352,42.25,63.86,63.86,63.7,yes,5th,31.36666667,8.15,16.34,8.316666667,-0.16
5,Pieris_rapae,Seattle_WA,1999,11C.M0.1,0,1,11,36513,353,42.25,63.7,63.7,72.05,yes,5th,47.85,16.34,9.03,16.48333333,8.35
6,Pieris_rapae,Seattle_WA,1999,11C.M0.1,0,1,11,36514,354,42.25,72.05,72.05,85.1,yes,5th,80.41666667,9.03,17.37,32.56666667,13.05
7,Pieris_rapae,Seattle_WA,1999,11C.M0.10,0,10,11,36511,351,56.52,56.52,56.52,56.52,yes,5th,0,9.12,9.12,0,0
8,Pieris_rapae,Seattle_WA,1999,11C.M0.10,0,10,11,36511,351,56.52,56.52,56.52,59.86,yes,5th,8.483333333,9.12,17.41,8.483333333,3.34
9,Pieris_rapae,Seattle_WA,1999,11C.M0.10,0,10,11,36512,352,56.52,59.86,59.86,70.7,yes,5th,23.05,17.41,8.15,14.56666667,10.84
10,Pieris_rapae,Seattle_WA,1999,11C.M0.10,0,10,11,36512,352,56.52,70.7,70.7,73.39,yes,5th,31.36666667,8.15,16.34,8.316666667,2.69
11,Pieris_rapae,Seattle_WA,1999,11C.M0.10,0,10,11,36513,353,56.52,73.39,73.39,84.95,yes,5th,47.85,16.34,9.03,16.48333333,11.56
12,Pieris_rapae,Seattle_WA,1999,11C.M0.10,0,10,11,36514,354,56.52,84.95,84.95,100.14,yes,5th,80.41666667,9.03,17.37,32.56666667,15.19
13,Pieris_rapae,Seattle_WA,1999,11C.M0.11,0,11,11,36511,351,40.42,40.42,40.42,40.42,yes,5th,0,9.12,9.12,0,0
14,Pieris_rapae,Seattle_WA,1999,11C.M0.11,0,11,11,36511,351,40.42,40.42,40.42,43.93,yes,5th,8.483333333,9.12,17.41,8.483333333,3.51
15,Pieris_rapae,Seattle_WA,1999,11C.M0.11,0,11,11,36512,352,40.42,43.93,43.93,54.6,yes,5th,23.05,17.41,8.15,14.56666667,10.67
16,Pieris_rapae,Seattle_WA,1999,11C.M0.11,0,11,11,36512,352,40.42,54.6,54.6,56.56,yes,5th,31.36666667,8.15,16.34,8.316666667,1.96
17,Pieris_rapae,Seattle_WA,1999,11C.M0.11,0,11,11,36513,353,40.42,56.56,56.56,64.54,yes,5th,47.85,16.34,9.03,16.48333333,7.98
18,Pieris_rapae,Seattle_WA,1999,11C.M0.11,0,11,11,36514,354,40.42,64.54,64.54,74.64,yes,5th,80.41666667,9.03,17.37,32.56666667,10.1
19,Pieris_rapae,Seattle_WA,1999,11C.M0.12,0,12,11,36511,351,52.44,52.44,52.44,52.44,yes,5th,0,9.12,9.12,0,0
20,Pieris_rapae,Seattle_WA,1999,11C.M0.12,0,12,11,36511,351,52.44,52.44,52.44,54.92,yes,5th,8.483333333,9.12,17.41,8.483333333,2.48
21,Pieris_rapae,Seattle_WA,1999,11C.M0.12,0,12,11,36512,352,52.44,54.92,54.92,61.13,yes,5th,23.05,17.41,8.15,14.56666667,6.21
22,Pieris_rapae,Seattle_WA,1999,11C.M0.12,0,12,11,36512,352,52.44,61.13,61.13,60.49,yes,5th,31.36666667,8.15,16.34,8.316666667,-0.64
23,Pieris_rapae,Seattle_WA,1999,11C.M0.12,0,12,11,36513,353,52.44,60.49,60.49,60.36,yes,5th,47.85,16.34,9.03,16.48333333,-0.13
24,Pieris_rapae,Seattle_WA,1999,11C.M0.12,0,12,11,36514,354,52.44,60.36,60.36,59.15,no,5th,80.41666667,9.03,17.37,32.56666667,-1.21
25,Pieris_rapae,Seattle_WA,1999,11C.M0.13,0,13,11,36511,351,49.47,49.47,49.47,49.47,yes,5th,0,9.12,9.12,0,0
26,Pieris_rapae,Seattle_WA,1999,11C.M0.13,0,13,11,36511,351,49.47,49.47,49.47,53.12,yes,5th,8.483333333,9.12,17.41,8.483333333,3.65
27,Pieris_rapae,Seattle_WA,1999,11C.M0.13,0,13,11,36512,352,49.47,53.12,53.12,58.5,yes,5th,23.05,17.41,8.15,14.56666667,5.38
28,Pieris_rapae,Seattle_WA,1999,11C.M0.13,0,13,11,36512,352,49.47,58.5,58.5,65.18,yes,5th,31.36666667,8.15,16.34,8.316666667,6.68
29,Pieris_rapae,Seattle_WA,1999,11C.M0.13,0,13,11,36513,353,49.47,65.18,65.18,71.63,yes,5th,47.85,16.34,9.03,16.48333333,6.45
30,Pieris_rapae,Seattle_WA,1999,11C.M0.13,0,13,11,36514,354,49.47,71.63,71.63,96.44,yes,5th,80.41666667,9.03,17.37,32.56666667,24.81
31,Pieris_rapae,Seattle_WA,1999,11C.M0.14,0,14,11,36511,351,52.72,52.72,52.72,52.72,yes,5th,0,9.12,9.12,0,0
32,Pieris_rapae,Seattle_WA,1999,11C.M0.14,0,14,11,36511,351,52.72,52.72,52.72,55.59,yes,5th,8.483333333,9.12,17.41,8.483333333,2.87
33,Pieris_rapae,Seattle_WA,1999,11C.M0.14,0,14,11,36512,352,52.72,55.59,55.59,60.79,yes,5th,23.05,17.41,8.15,14.56666667,5.2
34,Pieris_rapae,Seattle_WA,1999,11C.M0.14,0,14,11,36512,352,52.72,60.79,60.79,65.4,yes,5th,31.36666667,8.15,16.34,8.316666667,4.61
35,Pieris_rapae,Seattle_WA,1999,11C.M0.14,0,14,11,36513,353,52.72,65.4,65.4,81.41,yes,5th,47.85,16.34,9.03,16.48333333,16.01
36,Pieris_rapae,Seattle_WA,1999,11C.M0.14,0,14,11,36514,354,52.72,81.41,81.41,95.77,yes,5th,80.41666667,9.03,17.37,32.56666667,14.36
37,Pieris_rapae,Seattle_WA,1999,11C.M0.15,0,15,11,36511,351,51.79,51.79,51.79,51.79,yes,5th,0,9.12,9.12,0,0
38,Pieris_rapae,Seattle_WA,1999,11C.M0.15,0,15,11,36511,351,51.79,51.79,51.79,58.86,yes,5th,8.483333333,9.12,17.41,8.483333333,7.07
39,Pieris_rapae,Seattle_WA,1999,11C.M0.15,0,15,11,36512,352,51.79,58.86,58.86,69.06,yes,5th,23.05,17.41,8.15,14.56666667,10.2
40,Pieris_rapae,Seattle_WA,1999,11C.M0.15,0,15,11,36512,352,51.79,69.06,69.06,69.44,yes,5th,31.36666667,8.15,16.34,8.316666667,0.38
41,Pieris_rapae,Seattle_WA,1999,11C.M0.15,0,15,11,36513,353,51.79,69.44,69.44,76,yes,5th,47.85,16.34,9.03,16.48333333,6.56
42,Pieris_rapae,Seattle_WA,1999,11C.M0.15,0,15,11,36514,354,51.79,76,76,77.62,yes,5th,80.41666667,9.03,17.37,32.56666667,1.62
43,Pieris_rapae,Seattle_WA,1999,11C.M0.16,0,16,11,36511,351,47.66,47.66,47.66,47.66,yes,5th,0,9.12,9.12,0,0
44,Pieris_rapae,Seattle_WA,1999,11C.M0.16,0,16,11,36511,351,47.66,47.66,47.66,53.5,yes,5th,8.483333333,9.12,17.41,8.483333333,5.84
45,Pieris_rapae,Seattle_WA,1999,11C.M0.16,0,16,11,36512,352,47.66,53.5,53.5,60.86,yes,5th,23.05,17.41,8.15,14.56666667,7.36
46,Pieris_rapae,Seattle_WA,1999,11C.M0.16,0,16,11,36512,352,47.66,60.86,60.86,63.81,yes,5th,31.36666667,8.15,16.34,8.316666667,2.95
47,Pieris_rapae,Seattle_WA,1999,11C.M0.16,0,16,11,36513,353,47.66,63.81,63.81,70.88,yes,5th,47.85,16.34,9.03,16.48333333,7.07
48,Pieris_rapae,Seattle_WA,1999,11C.M0.16,0,16,11,36514,354,47.66,70.88,70.88,95.35,yes,5th,80.41666667,9.03,17.37,32.56666667,24.47
49,Pieris_rapae,Seattle_WA,1999,11C.M0.17,0,17,11,36511,351,40.55,40.55,40.55,40.55,yes,5th,0,9.12,9.12,0,0
50,Pieris_rapae,Seattle_WA,1999,11C.M0.17,0,17,11,36511,351,40.55,40.55,40.55,41.34,yes,5th,8.483333333,9.12,17.41,8.483333333,0.79
51,Pieris_rapae,Seattle_WA,1999,11C.M0.17,0,17,11,36512,352,40.55,41.34,41.34,48.28,yes,5th,23.05,17.41,8.15,14.56666667,6.94
52,Pieris_rapae,Seattle_WA,1999,11C.M0.17,0,17,11,36512,352,40.55,48.28,48.28,51.23,yes,5th,31.36666667,8.15,16.34,8.316666667,2.95
53,Pieris_rapae,Seattle_WA,1999,11C.M0.17,0,17,11,36513,353,40.55,51.23,51.23,57.86,yes,5th,47.85,16.34,9.03,16.48333333,6.63
54,Pieris_rapae,Seattle_WA,1999,11C.M0.17,0,17,11,36514,354,40.55,57.86,57.86,63.33,yes,5th,80.41666667,9.03,17.37,32.56666667,5.47
55,Pieris_rapae,Seattle_WA,1999,11C.M0.18,0,18,11,36511,351,47.16,47.16,47.16,47.16,yes,5th,0,9.12,9.12,0,0
56,Pieris_rapae,Seattle_WA,1999,11C.M0.18,0,18,11,36511,351,47.16,47.16,47.16,53.17,yes,5th,8.483333333,9.12,17.41,8.483333333,6.01
57,Pieris_rapae,Seattle_WA,1999,11C.M0.18,0,18,11,36512,352,47.16,53.17,53.17,59.66,yes,5th,23.05,17.41,8.15,14.56666667,6.49
58,Pieris_rapae,Seattle_WA,1999,11C.M0.18,0,18,11,36512,352,47.16,59.66,59.66,62.95,yes,5th,31.36666667,8.15,16.34,8.316666667,3.29
59,Pieris_rapae,Seattle_WA,1999,11C.M0.18,0,18,11,36513,353,47.16,62.95,62.95,73,yes,5th,47.85,16.34,9.03,16.48333333,10.05
60,Pieris_rapae,Seattle_WA,1999,11C.M0.18,0,18,11,36514,354,47.16,73,73,96.21,yes,5th,80.41666667,9.03,17.37,32.56666667,23.21
61,Pieris_rapae,Seattle_WA,1999,11C.M0.19,0,19,11,36511,351,47.82,47.82,47.82,47.82,yes,5th,0,9.12,9.12,0,0
62,Pieris_rapae,Seattle_WA,1999,11C.M0.19,0,19,11,36511,351,47.82,47.82,47.82,50.21,yes,5th,8.483333333,9.12,17.41,8.483333333,2.39
63,Pieris_rapae,Seattle_WA,1999,11C.M0.19,0,19,11,36512,352,47.82,50.21,50.21,54.62,yes,5th,23.05,17.41,8.15,14.56666667,4.41
64,Pieris_rapae,Seattle_WA,1999,11C.M0.19,0,19,11,36512,352,47.82,54.62,54.62,56.19,yes,5th,31.36666667,8.15,16.34,8.316666667,1.57
65,Pieris_rapae,Seattle_WA,1999,11C.M0.19,0,19,11,36513,353,47.82,56.19,56.19,59.99,yes,5th,47.85,16.34,9.03,16.48333333,3.8
66,Pieris_rapae,Seattle_WA,1999,11C.M0.19,0,19,11,36514,354,47.82,59.99,59.99,65.21,yes,5th,80.41666667,9.03,17.37,32.56666667,5.22
67,Pieris_rapae,Seattle_WA,1999,11C.M0.2,0,2,11,36511,351,45.15,45.15,45.15,45.15,yes,5th,0,9.12,9.12,0,0
68,Pieris_rapae,Seattle_WA,1999,11C.M0.2,0,2,11,36511,351,45.15,45.15,45.15,53.07,yes,5th,8.483333333,9.12,17.41,8.483333333,7.92
69,Pieris_rapae,Seattle_WA,1999,11C.M0.2,0,2,11,36512,352,45.15,53.07,53.07,61.46,yes,5th,23.05,17.41,8.15,14.56666667,8.39
70,Pieris_rapae,Seattle_WA,1999,11C.M0.2,0,2,11,36512,352,45.15,61.46,61.46,65.04,yes,5th,31.36666667,8.15,16.34,8.316666667,3.58
71,Pieris_rapae,Seattle_WA,1999,11C.M0.2,0,2,11,36513,353,45.15,65.04,65.04,71.88,yes,5th,47.85,16.34,9.03,16.48333333,6.84
72,Pieris_rapae,Seattle_WA,1999,11C.M0.2,0,2,11,36514,354,45.15,71.88,71.88,88.18,yes,5th,80.41666667,9.03,17.37,32.56666667,16.3
73,Pieris_rapae,Seattle_WA,1999,11C.M0.20,0,20,11,36511,351,42.15,42.15,42.15,42.15,yes,5th,0,9.12,9.12,0,0
74,Pieris_rapae,Seattle_WA,1999,11C.M0.20,0,20,11,36511,351,42.15,42.15,42.15,43.18,yes,5th,8.483333333,9.12,17.41,8.483333333,1.03
75,Pieris_rapae,Seattle_WA,1999,11C.M0.20,0,20,11,36512,352,42.15,43.18,43.18,48.04,yes,5th,23.05,17.41,8.15,14.56666667,4.86
76,Pieris_rapae,Seattle_WA,1999,11C.M0.20,0,20,11,36512,352,42.15,48.04,48.04,51.84,yes,5th,31.36666667,8.15,16.34,8.316666667,3.8
77,Pieris_rapae,Seattle_WA,1999,11C.M0.20,0,20,11,36513,353,42.15,51.84,51.84,55.98,yes,5th,47.85,16.34,9.03,16.48333333,4.14
78,Pieris_rapae,Seattle_WA,1999,11C.M0.20,0,20,11,36514,354,42.15,55.98,55.98,59.12,yes,5th,80.41666667,9.03,17.37,32.56666667,3.14
79,Pieris_rapae,Seattle_WA,1999,11C.M0.21,0,21,11,36511,351,43.71,43.71,43.71,43.71,yes,5th,0,9.12,9.12,0,0
80,Pieris_rapae,Seattle_WA,1999,11C.M0.21,0,21,11,36511,351,43.71,43.71,43.71,55.29,yes,5th,8.483333333,9.12,17.41,8.483333333,11.58
81,Pieris_rapae,Seattle_WA,1999,11C.M0.21,0,21,11,36512,352,43.71,55.29,55.29,57.42,yes,5th,23.05,17.41,8.15,14.56666667,2.13
82,Pieris_rapae,Seattle_WA,1999,11C.M0.21,0,21,11,36512,352,43.71,57.42,57.42,65.51,yes,5th,31.36666667,8.15,16.34,8.316666667,8.09
83,Pieris_rapae,Seattle_WA,1999,11C.M0.21,0,21,11,36513,353,43.71,65.51,65.51,69.55,yes,5th,47.85,16.34,9.03,16.48333333,4.04
84,Pieris_rapae,Seattle_WA,1999,11C.M0.21,0,21,11,36514,354,43.71,69.55,69.55,91.81,yes,5th,80.41666667,9.03,17.37,32.56666667,22.26
85,Pieris_rapae,Seattle_WA,1999,11C.M0.3,0,3,11,36511,351,55.97,55.97,55.97,55.97,yes,5th,0,9.12,9.12,0,0
86,Pieris_rapae,Seattle_WA,1999,11C.M0.3,0,3,11,36511,351,55.97,55.97,55.97,60.05,yes,5th,8.483333333,9.12,17.41,8.483333333,4.08
87,Pieris_rapae,Seattle_WA,1999,11C.M0.3,0,3,11,36512,352,55.97,60.05,60.05,67.58,yes,5th,23.05,17.41,8.15,14.56666667,7.53
88,Pieris_rapae,Seattle_WA,1999,11C.M0.3,0,3,11,36512,352,55.97,67.58,67.58,70.65,yes,5th,31.36666667,8.15,16.34,8.316666667,3.07
89,Pieris_rapae,Seattle_WA,1999,11C.M0.3,0,3,11,36513,353,55.97,70.65,70.65,75.69,yes,5th,47.85,16.34,9.03,16.48333333,5.04
90,Pieris_rapae,Seattle_WA,1999,11C.M0.3,0,3,11,36514,354,55.97,75.69,75.69,85.1,yes,5th,80.41666667,9.03,17.37,32.56666667,9.41
91,Pieris_rapae,Seattle_WA,1999,11C.M0.4,0,4,11,36511,351,39.25,39.25,39.25,39.25,yes,5th,0,9.12,9.12,0,0
92,Pieris_rapae,Seattle_WA,1999,11C.M0.4,0,4,11,36511,351,39.25,39.25,39.25,39.08,no,5th,8.483333333,9.12,17.41,8.483333333,-0.17
93,Pieris_rapae,Seattle_WA,1999,11C.M0.4,0,4,11,36512,352,39.25,39.08,39.08,40.77,yes,5th,23.05,17.41,8.15,14.56666667,1.69
94,Pieris_rapae,Seattle_WA,1999,11C.M0.4,0,4,11,36512,352,39.25,40.77,40.77,41.45,yes,5th,31.36666667,8.15,16.34,8.316666667,0.68
95,Pieris_rapae,Seattle_WA,1999,11C.M0.4,0,4,11,36513,353,39.25,41.45,41.45,41.17,no,5th,47.85,16.34,9.03,16.48333333,-0.28
96,Pieris_rapae,Seattle_WA,1999,11C.M0.4,0,4,11,36514,354,39.25,41.17,41.17,39.28,no,5th,80.41666667,9.03,17.37,32.56666667,-1.89
97,Pieris_rapae,Seattle_WA,1999,11C.M0.5,0,5,11,36511,351,37.66,37.66,37.66,37.66,yes,5th,0,9.12,9.12,0,0
98,Pieris_rapae,Seattle_WA,1999,11C.M0.5,0,5,11,36511,351,37.66,37.66,37.66,40.24,no,5th,8.483333333,9.12,17.41,8.483333333,2.58
99,Pieris_rapae,Seattle_WA,1999,11C.M0.5,0,5,11,36512,352,37.66,40.24,40.24,41.8,yes,5th,23.05,17.41,8.15,14.56666667,1.56
100,Pieris_rapae,Seattle_WA,1999,11C.M0.5,0,5,11,36512,352,37.66,41.8,41.8,39.71,yes,5th,31.36666667,8.15,16.34,8.316666667,-2.09
101,Pieris_rapae,Seattle_WA,1999,11C.M0.5,0,5,11,36513,353,37.66,39.71,39.71,40.28,yes,5th,47.85,16.34,9.03,16.48333333,0.57
102,Pieris_rapae,Seattle_WA,1999,11C.M0.5,0,5,11,36514,354,37.66,40.28,40.28,37.43,no,5th,80.41666667,9.03,17.37,32.56666667,-2.85
103,Pieris_rapae,Seattle_WA,1999,11C.M0.6,0,6,11,36511,351,47.67,47.67,47.67,47.67,yes,5th,0,9.12,9.12,0,0
104,Pieris_rapae,Seattle_WA,1999,11C.M0.6,0,6,11,36511,351,47.67,47.67,47.67,57.36,yes,5th,8.483333333,9.12,17.41,8.483333333,9.69
105,Pieris_rapae,Seattle_WA,1999,11C.M0.6,0,6,11,36512,352,47.67,57.36,57.36,66.03,yes,5th,23.05,17.41,8.15,14.56666667,8.67
106,Pieris_rapae,Seattle_WA,1999,11C.M0.6,0,6,11,36512,352,47.67,66.03,66.03,65.89,yes,5th,31.36666667,8.15,16.34,8.316666667,-0.14
107,Pieris_rapae,Seattle_WA,1999,11C.M0.6,0,6,11,36513,353,47.67,65.89,65.89,76.34,yes,5th,47.85,16.34,9.03,16.48333333,10.45
108,Pieris_rapae,Seattle_WA,1999,11C.M0.6,0,6,11,36514,354,47.67,76.34,76.34,92.13,yes,5th,80.41666667,9.03,17.37,32.56666667,15.79
109,Pieris_rapae,Seattle_WA,1999,11C.M0.7,0,7,11,36511,351,55.71,55.71,55.71,55.71,yes,5th,0,9.12,9.12,0,0
110,Pieris_rapae,Seattle_WA,1999,11C.M0.7,0,7,11,36511,351,55.71,55.71,55.71,60.11,yes,5th,8.483333333,9.12,17.41,8.483333333,4.4
111,Pieris_rapae,Seattle_WA,1999,11C.M0.7,0,7,11,36512,352,55.71,60.11,60.11,75.64,yes,5th,23.05,17.41,8.15,14.56666667,15.53
112,Pieris_rapae,Seattle_WA,1999,11C.M0.7,0,7,11,36512,352,55.71,75.64,75.64,74.02,yes,5th,31.36666667,8.15,16.34,8.316666667,-1.62
113,Pieris_rapae,Seattle_WA,1999,11C.M0.7,0,7,11,36513,353,55.71,74.02,74.02,87.55,yes,5th,47.85,16.34,9.03,16.48333333,13.53
114,Pieris_rapae,Seattle_WA,1999,11C.M0.7,0,7,11,36514,354,55.71,87.55,87.55,101.45,yes,5th,80.41666667,9.03,17.37,32.56666667,13.9
115,Pieris_rapae,Seattle_WA,1999,11C.M0.8,0,8,11,36511,351,57.21,57.21,57.21,57.21,yes,5th,0,9.12,9.12,0,0
116,Pieris_rapae,Seattle_WA,1999,11C.M0.8,0,8,11,36511,351,57.21,57.21,57.21,61.53,yes,5th,8.483333333,9.12,17.41,8.483333333,4.32
117,Pieris_rapae,Seattle_WA,1999,11C.M0.8,0,8,11,36512,352,57.21,61.53,61.53,73.45,yes,5th,23.05,17.41,8.15,14.56666667,11.92
118,Pieris_rapae,Seattle_WA,1999,11C.M0.8,0,8,11,36512,352,57.21,73.45,73.45,74.81,yes,5th,31.36666667,8.15,16.34,8.316666667,1.36
119,Pieris_rapae,Seattle_WA,1999,11C.M0.8,0,8,11,36513,353,57.21,74.81,74.81,92.02,yes,5th,47.85,16.34,9.03,16.48333333,17.21
120,Pieris_rapae,Seattle_WA,1999,11C.M0.8,0,8,11,36514,354,57.21,92.02,92.02,99.25,yes,5th,80.41666667,9.03,17.37,32.56666667,7.23
121,Pieris_rapae,Seattle_WA,1999,11C.M0.9,0,9,11,36511,351,54.71,54.71,54.71,54.71,yes,5th,0,9.12,9.12,0,0
122,Pieris_rapae,Seattle_WA,1999,11C.M0.9,0,9,11,36511,351,54.71,54.71,54.71,59.68,yes,5th,8.483333333,9.12,17.41,8.483333333,4.97
123,Pieris_rapae,Seattle_WA,1999,11C.M0.9,0,9,11,36512,352,54.71,59.68,59.68,68.22,yes,5th,23.05,17.41,8.15,14.56666667,8.54
124,Pieris_rapae,Seattle_WA,1999,11C.M0.9,0,9,11,36512,352,54.71,68.22,68.22,68.92,yes,5th,31.36666667,8.15,16.34,8.316666667,0.7
125,Pieris_rapae,Seattle_WA,1999,11C.M0.9,0,9,11,36513,353,54.71,68.92,68.92,80.04,yes,5th,47.85,16.34,9.03,16.48333333,11.12
126,Pieris_rapae,Seattle_WA,1999,11C.M0.9,0,9,11,36514,354,54.71,80.04,80.04,92.65,yes,5th,80.41666667,9.03,17.37,32.56666667,12.61
127,Pieris_rapae,Seattle_WA,1999,17C.M10.1,10,1,17,36458,298,38.76,38.76,38.76,38.76,yes,5th,0,12.39,12.39,0,0
128,Pieris_rapae,Seattle_WA,1999,17C.M10.1,10,1,17,36458,298,38.76,38.76,38.76,50.29,yes,5th,7.1,12.39,19.45,7.1,11.53
129,Pieris_rapae,Seattle_WA,1999,17C.M10.1,10,1,17,36459,299,38.76,50.29,50.29,83.48,yes,5th,24.93333333,19.45,13.35,17.83333333,33.19
130,Pieris_rapae,Seattle_WA,1999,17C.M10.1,10,1,17,36459,299,38.76,83.48,83.48,90.46,yes,5th,30.85,13.35,19.3,5.916666667,6.98
131,Pieris_rapae,Seattle_WA,1999,17C.M10.1,10,1,17,36460,300,38.76,90.46,90.46,138.53,yes,5th,54.05,19.3,18.42,23.2,48.07
132,Pieris_rapae,Seattle_WA,1999,17C.M10.1,10,1,17,36461,301,38.76,138.53,138.53,182.67,yes,5th,79.05,18.42,19.42,25,44.14
133,Pieris_rapae,Seattle_WA,1999,17C.M10.1,10,1,17,36460,300,48.54,48.54,48.54,48.54,yes,5th,0,13.1,13.1,0,0
134,Pieris_rapae,Seattle_WA,1999,17C.M10.1,10,1,17,36460,300,48.54,48.54,48.54,57.27,yes,5th,6.4,13.1,19.34,6.4,8.73
135,Pieris_rapae,Seattle_WA,1999,17C.M10.1,10,1,17,36461,301,48.54,57.27,57.27,75.98,yes,5th,23.58333333,19.34,12.45,17.18333333,18.71
136,Pieris_rapae,Seattle_WA,1999,17C.M10.1,10,1,17,36461,301,48.54,75.98,75.98,87.69,yes,5th,29.96666667,12.45,19.08,6.383333333,11.71
137,Pieris_rapae,Seattle_WA,1999,17C.M10.1,10,1,17,36462,302,48.54,87.69,87.69,132.14,yes,5th,53.75,19.08,18.55,23.78333333,44.45
138,Pieris_rapae,Seattle_WA,1999,17C.M10.1,10,1,17,36463,303,48.54,132.14,132.14,160.14,yes,5th,77.8,18.55,18.58,24.05,28
139,Pieris_rapae,Seattle_WA,1999,17C.M10.2,10,2,17,36460,300,57.78,57.78,57.78,57.78,yes,5th,0,13.1,13.1,0,0
140,Pieris_rapae,Seattle_WA,1999,17C.M10.2,10,2,17,36460,300,57.78,57.78,57.78,66.2,yes,5th,6.4,13.1,19.34,6.4,8.42
141,Pieris_rapae,Seattle_WA,1999,17C.M10.2,10,2,17,36461,301,57.78,66.2,66.2,101.48,yes,5th,23.58333333,19.34,12.45,17.18333333,35.28
142,Pieris_rapae,Seattle_WA,1999,17C.M10.2,10,2,17,36461,301,57.78,101.48,101.48,107.61,yes,5th,29.96666667,12.45,19.08,6.383333333,6.13
143,Pieris_rapae,Seattle_WA,1999,17C.M10.2,10,2,17,36462,302,57.78,107.61,107.61,166.78,yes,5th,53.75,19.08,18.55,23.78333333,59.17
144,Pieris_rapae,Seattle_WA,1999,17C.M10.2,10,2,17,36463,303,57.78,166.78,166.78,209.42,yes,5th,77.8,18.55,18.58,24.05,42.64
145,Pieris_rapae,Seattle_WA,1999,17C.M11.1,11,1,17,36458,298,41.83,41.83,41.83,41.83,yes,5th,0,12.39,12.39,0,0
146,Pieris_rapae,Seattle_WA,1999,17C.M11.1,11,1,17,36458,298,41.83,41.83,41.83,50.56,yes,5th,7.1,12.39,19.45,7.1,8.73
147,Pieris_rapae,Seattle_WA,1999,17C.M11.1,11,1,17,36459,299,41.83,50.56,50.56,79.82,yes,5th,24.93333333,19.45,13.35,17.83333333,29.26
148,Pieris_rapae,Seattle_WA,1999,17C.M11.1,11,1,17,36459,299,41.83,79.82,79.82,88.67,yes,5th,30.85,13.35,19.3,5.916666667,8.85
149,Pieris_rapae,Seattle_WA,1999,17C.M11.1,11,1,17,36460,300,41.83,88.67,88.67,134.26,yes,5th,54.05,19.3,18.42,23.2,45.59
150,Pieris_rapae,Seattle_WA,1999,17C.M11.1,11,1,17,36461,301,41.83,134.26,134.26,183.9,yes,5th,79.05,18.42,19.42,25,49.64
157,Pieris_rapae,Seattle_WA,1999,17C.M12.1,12,1,17,36460,300,58.61,58.61,58.61,58.61,yes,5th,0,13.1,13.1,0,0
158,Pieris_rapae,Seattle_WA,1999,17C.M12.1,12,1,17,36460,300,58.61,58.61,58.61,67.97,yes,5th,6.4,13.1,19.34,6.4,9.36
159,Pieris_rapae,Seattle_WA,1999,17C.M12.1,12,1,17,36461,301,58.61,67.97,67.97,104.95,yes,5th,23.58333333,19.34,12.45,17.18333333,36.98
160,Pieris_rapae,Seattle_WA,1999,17C.M12.1,12,1,17,36461,301,58.61,104.95,104.95,120.87,yes,5th,29.96666667,12.45,19.08,6.383333333,15.92
161,Pieris_rapae,Seattle_WA,1999,17C.M12.1,12,1,17,36462,302,58.61,120.87,120.87,165.31,yes,5th,53.75,19.08,18.55,23.78333333,44.44
162,Pieris_rapae,Seattle_WA,1999,17C.M12.1,12,1,17,36463,303,58.61,165.31,165.31,209.15,yes,5th,77.8,18.55,18.58,24.05,43.84
163,Pieris_rapae,Seattle_WA,1999,17C.M2.1,2,1,17,36458,298,51.38,51.38,51.38,51.38,yes,5th,0,12.39,12.39,0,0
164,Pieris_rapae,Seattle_WA,1999,17C.M2.1,2,1,17,36458,298,51.38,51.38,51.38,61.19,yes,5th,7.1,12.39,19.45,7.1,9.81
165,Pieris_rapae,Seattle_WA,1999,17C.M2.1,2,1,17,36459,299,51.38,61.19,61.19,91.29,yes,5th,24.93333333,19.45,13.35,17.83333333,30.1
166,Pieris_rapae,Seattle_WA,1999,17C.M2.1,2,1,17,36459,299,51.38,91.29,91.29,104.77,yes,5th,30.85,13.35,19.3,5.916666667,13.48
167,Pieris_rapae,Seattle_WA,1999,17C.M2.1,2,1,17,36460,300,51.38,104.77,104.77,153.33,yes,5th,54.05,19.3,18.42,23.2,48.56
168,Pieris_rapae,Seattle_WA,1999,17C.M2.1,2,1,17,36461,301,51.38,153.33,153.33,193.8,yes,5th,79.05,18.42,19.42,25,40.47
169,Pieris_rapae,Seattle_WA,1999,17C.M3.1,3,1,17,36458,298,49.62,49.62,49.62,49.62,yes,5th,0,12.39,12.39,0,0
170,Pieris_rapae,Seattle_WA,1999,17C.M3.1,3,1,17,36458,298,49.62,49.62,49.62,61.13,yes,5th,7.1,12.39,19.45,7.1,11.51
171,Pieris_rapae,Seattle_WA,1999,17C.M3.1,3,1,17,36459,299,49.62,61.13,61.13,90.75,yes,5th,24.93333333,19.45,13.35,17.83333333,29.62
172,Pieris_rapae,Seattle_WA,1999,17C.M3.1,3,1,17,36459,299,49.62,90.75,90.75,110.72,yes,5th,30.85,13.35,19.3,5.916666667,19.97
173,Pieris_rapae,Seattle_WA,1999,17C.M3.1,3,1,17,36460,300,49.62,110.72,110.72,151.8,yes,5th,54.05,19.3,18.42,23.2,41.08
174,Pieris_rapae,Seattle_WA,1999,17C.M3.1,3,1,17,36461,301,49.62,151.8,151.8,199.19,yes,5th,79.05,18.42,19.42,25,47.39
175,Pieris_rapae,Seattle_WA,1999,17C.M3.2,3,2,17,36458,298,56.44,56.44,56.44,56.44,yes,5th,0,12.39,12.39,0,0
176,Pieris_rapae,Seattle_WA,1999,17C.M3.2,3,2,17,36458,298,56.44,56.44,56.44,69.74,yes,5th,7.1,12.39,19.45,7.1,13.3
177,Pieris_rapae,Seattle_WA,1999,17C.M3.2,3,2,17,36459,299,56.44,69.74,69.74,95.64,yes,5th,24.93333333,19.45,13.35,17.83333333,25.9
178,Pieris_rapae,Seattle_WA,1999,17C.M3.2,3,2,17,36459,299,56.44,95.64,95.64,103.75,yes,5th,30.85,13.35,19.3,5.916666667,8.11
179,Pieris_rapae,Seattle_WA,1999,17C.M3.2,3,2,17,36460,300,56.44,103.75,103.75,132.91,yes,5th,54.05,19.3,18.42,23.2,29.16
180,Pieris_rapae,Seattle_WA,1999,17C.M3.2,3,2,17,36461,301,56.44,132.91,132.91,167.98,yes,5th,79.05,18.42,19.42,25,35.07
181,Pieris_rapae,Seattle_WA,1999,17C.M5.1,5,1,17,36458,298,58.76,58.76,58.76,58.76,yes,5th,0,12.39,12.39,0,0
182,Pieris_rapae,Seattle_WA,1999,17C.M5.1,5,1,17,36458,298,58.76,58.76,58.76,81.55,yes,5th,7.1,12.39,19.45,7.1,22.79
183,Pieris_rapae,Seattle_WA,1999,17C.M5.1,5,1,17,36459,299,58.76,81.55,81.55,132.48,yes,5th,24.93333333,19.45,13.35,17.83333333,50.93
184,Pieris_rapae,Seattle_WA,1999,17C.M5.1,5,1,17,36459,299,58.76,132.48,132.48,129.84,yes,5th,30.85,13.35,19.3,5.916666667,-2.64
185,Pieris_rapae,Seattle_WA,1999,17C.M5.1,5,1,17,36460,300,58.76,129.84,129.84,159.96,yes,5th,54.05,19.3,18.42,23.2,30.12
186,Pieris_rapae,Seattle_WA,1999,17C.M5.1,5,1,17,36461,301,58.76,159.96,159.96,201.14,yes,5th,79.05,18.42,19.42,25,41.18
187,Pieris_rapae,Seattle_WA,1999,17C.M5.2,5,2,17,36458,298,53.61,53.61,53.61,53.61,yes,5th,0,12.39,12.39,0,0
188,Pieris_rapae,Seattle_WA,1999,17C.M5.2,5,2,17,36458,298,53.61,53.61,53.61,59.11,yes,5th,7.1,12.39,19.45,7.1,5.5
189,Pieris_rapae,Seattle_WA,1999,17C.M5.2,5,2,17,36459,299,53.61,59.11,59.11,91.08,yes,5th,24.93333333,19.45,13.35,17.83333333,31.97
190,Pieris_rapae,Seattle_WA,1999,17C.M5.2,5,2,17,36459,299,53.61,91.08,91.08,106.42,yes,5th,30.85,13.35,19.3,5.916666667,15.34
191,Pieris_rapae,Seattle_WA,1999,17C.M5.2,5,2,17,36460,300,53.61,106.42,106.42,141.85,yes,5th,54.05,19.3,18.42,23.2,35.43
192,Pieris_rapae,Seattle_WA,1999,17C.M5.2,5,2,17,36461,301,53.61,141.85,141.85,178.68,yes,5th,79.05,18.42,19.42,25,36.83
193,Pieris_rapae,Seattle_WA,1999,17C.M8.1,8,1,17,36458,298,45.73,45.73,45.73,45.73,yes,5th,0,12.39,12.39,0,0
194,Pieris_rapae,Seattle_WA,1999,17C.M8.1,8,1,17,36458,298,45.73,45.73,45.73,54.02,yes,5th,7.1,12.39,19.45,7.1,8.29
195,Pieris_rapae,Seattle_WA,1999,17C.M8.1,8,1,17,36459,299,45.73,54.02,54.02,87.05,yes,5th,24.93333333,19.45,13.35,17.83333333,33.03
196,Pieris_rapae,Seattle_WA,1999,17C.M8.1,8,1,17,36459,299,45.73,87.05,87.05,100.08,yes,5th,30.85,13.35,19.3,5.916666667,13.03
197,Pieris_rapae,Seattle_WA,1999,17C.M8.1,8,1,17,36460,300,45.73,100.08,100.08,140.98,yes,5th,54.05,19.3,18.42,23.2,40.9
198,Pieris_rapae,Seattle_WA,1999,17C.M8.1,8,1,17,36461,301,45.73,140.98,140.98,184.67,yes,5th,79.05,18.42,19.42,25,43.69
205,Pieris_rapae,Seattle_WA,1999,17C.M8.2,8,2,17,36458,298,43.29,43.29,43.29,43.29,yes,5th,0,12.39,12.39,0,0
206,Pieris_rapae,Seattle_WA,1999,17C.M8.2,8,2,17,36458,298,43.29,43.29,43.29,56.39,yes,5th,7.1,12.39,19.45,7.1,13.1
207,Pieris_rapae,Seattle_WA,1999,17C.M8.2,8,2,17,36459,299,43.29,56.39,56.39,98.92,yes,5th,24.93333333,19.45,13.35,17.83333333,42.53
208,Pieris_rapae,Seattle_WA,1999,17C.M8.2,8,2,17,36459,299,43.29,98.92,98.92,100.35,yes,5th,30.85,13.35,19.3,5.916666667,1.43
209,Pieris_rapae,Seattle_WA,1999,17C.M8.2,8,2,17,36460,300,43.29,100.35,100.35,146.2,yes,5th,54.05,19.3,18.42,23.2,45.85
210,Pieris_rapae,Seattle_WA,1999,17C.M8.2,8,2,17,36461,301,43.29,146.2,146.2,124.95,no,5th,79.05,18.42,19.42,25,-21.25
211,Pieris_rapae,Seattle_WA,1999,17C.M8.22,8,22,17,36460,300,42.86,42.86,42.86,42.86,yes,5th,0,13.1,13.1,0,0
212,Pieris_rapae,Seattle_WA,1999,17C.M8.22,8,22,17,36460,300,42.86,42.86,42.86,43.03,yes,5th,6.4,13.1,19.34,6.4,0.17
213,Pieris_rapae,Seattle_WA,1999,17C.M8.22,8,22,17,36461,301,42.86,43.03,43.03,59.42,yes,5th,23.58333333,19.34,12.45,17.18333333,16.39
214,Pieris_rapae,Seattle_WA,1999,17C.M8.22,8,22,17,36461,301,42.86,59.42,59.42,71.97,yes,5th,29.96666667,12.45,19.08,6.383333333,12.55
215,Pieris_rapae,Seattle_WA,1999,17C.M8.22,8,22,17,36462,302,42.86,71.97,71.97,83.83,yes,5th,53.75,19.08,18.55,23.78333333,11.86
216,Pieris_rapae,Seattle_WA,1999,17C.M8.22,8,22,17,36463,303,42.86,83.83,83.83,118.41,yes,5th,77.8,18.55,18.58,24.05,34.58
217,Pieris_rapae,Seattle_WA,1999,17C.M9.1,9,1,17,36458,298,48.77,48.77,48.77,48.77,yes,5th,0,12.39,12.39,0,0
218,Pieris_rapae,Seattle_WA,1999,17C.M9.1,9,1,17,36458,298,48.77,48.77,48.77,61.13,yes,5th,7.1,12.39,19.45,7.1,12.36
219,Pieris_rapae,Seattle_WA,1999,17C.M9.1,9,1,17,36459,299,48.77,61.13,61.13,102.82,yes,5th,24.93333333,19.45,13.35,17.83333333,41.69
220,Pieris_rapae,Seattle_WA,1999,17C.M9.1,9,1,17,36459,299,48.77,102.82,102.82,102.85,yes,5th,30.85,13.35,19.3,5.916666667,0.03
221,Pieris_rapae,Seattle_WA,1999,17C.M9.1,9,1,17,36460,300,48.77,102.85,102.85,147.28,yes,5th,54.05,19.3,18.42,23.2,44.43
222,Pieris_rapae,Seattle_WA,1999,17C.M9.1,9,1,17,36461,301,48.77,147.28,147.28,179.11,yes,5th,79.05,18.42,19.42,25,31.83
223,Pieris_rapae,Seattle_WA,1999,17C.M9.2,9,2,17,36458,298,43.55,43.55,43.55,43.55,yes,5th,0,12.39,12.39,0,0
224,Pieris_rapae,Seattle_WA,1999,17C.M9.2,9,2,17,36458,298,43.55,43.55,43.55,55.54,yes,5th,7.1,12.39,19.45,7.1,11.99
225,Pieris_rapae,Seattle_WA,1999,17C.M9.2,9,2,17,36459,299,43.55,55.54,55.54,72.78,yes,5th,24.93333333,19.45,13.35,17.83333333,17.24
226,Pieris_rapae,Seattle_WA,1999,17C.M9.2,9,2,17,36459,299,43.55,72.78,72.78,88.82,yes,5th,30.85,13.35,19.3,5.916666667,16.04
227,Pieris_rapae,Seattle_WA,1999,17C.M9.2,9,2,17,36460,300,43.55,88.82,88.82,131.94,yes,5th,54.05,19.3,18.42,23.2,43.12
228,Pieris_rapae,Seattle_WA,1999,17C.M9.2,9,2,17,36461,301,43.55,131.94,131.94,171.21,yes,5th,79.05,18.42,19.42,25,39.27
229,Pieris_rapae,Seattle_WA,1999,23C.M1.1,1,1,23,36458,298,35.02,35.02,35.02,35.02,yes,5th,0,12.52,12.52,0,0
230,Pieris_rapae,Seattle_WA,1999,23C.M1.1,1,1,23,36458,298,35.02,35.02,35.02,41.95,yes,5th,7.133333333,12.52,20,7.133333333,6.93
231,Pieris_rapae,Seattle_WA,1999,23C.M1.1,1,1,23,36459,299,35.02,41.95,41.95,82.5,yes,5th,25.05,20,13.55,17.91666667,40.55
232,Pieris_rapae,Seattle_WA,1999,23C.M1.1,1,1,23,36459,299,35.02,82.5,82.5,97.82,yes,5th,30.85,13.55,19.43,5.8,15.32
233,Pieris_rapae,Seattle_WA,1999,23C.M1.1,1,1,23,36460,300,35.02,97.82,97.82,167.61,yes,5th,54.13333333,19.43,19,23.28333333,69.79
234,Pieris_rapae,Seattle_WA,1999,23C.M1.1,1,1,23,36461,301,35.02,167.61,167.61,178.37,yes,5th,79.13333333,19,20,25,10.76
235,Pieris_rapae,Seattle_WA,1999,23C.M10.1,10,1,23,36458,298,45.98,45.98,45.98,45.98,yes,5th,0,12.52,12.52,0,0
236,Pieris_rapae,Seattle_WA,1999,23C.M10.1,10,1,23,36458,298,45.98,45.98,45.98,62.31,yes,5th,7.133333333,12.52,20,7.133333333,16.33
237,Pieris_rapae,Seattle_WA,1999,23C.M10.1,10,1,23,36459,299,45.98,62.31,62.31,114.61,yes,5th,25.05,20,13.55,17.91666667,52.3
238,Pieris_rapae,Seattle_WA,1999,23C.M10.1,10,1,23,36459,299,45.98,114.61,114.61,132.72,yes,5th,30.85,13.55,19.43,5.8,18.11
239,Pieris_rapae,Seattle_WA,1999,23C.M10.1,10,1,23,36460,300,45.98,132.72,132.72,171.52,yes,5th,54.13333333,19.43,19,23.28333333,38.8
240,Pieris_rapae,Seattle_WA,1999,23C.M10.1,10,1,23,36461,301,45.98,171.52,171.52,160.36,yes,5th,79.13333333,19,20,25,-11.16
241,Pieris_rapae,Seattle_WA,1999,23C.M11.1,11,1,23,36458,298,33.37,33.37,33.37,33.37,yes,5th,0,12.52,12.52,0,0
242,Pieris_rapae,Seattle_WA,1999,23C.M11.1,11,1,23,36458,298,33.37,33.37,33.37,48.39,yes,5th,7.133333333,12.52,20,7.133333333,15.02
243,Pieris_rapae,Seattle_WA,1999,23C.M11.1,11,1,23,36459,299,33.37,48.39,48.39,108.18,yes,5th,25.05,20,13.55,17.91666667,59.79
244,Pieris_rapae,Seattle_WA,1999,23C.M11.1,11,1,23,36459,299,33.37,108.18,108.18,123.21,yes,5th,30.85,13.55,19.43,5.8,15.03
245,Pieris_rapae,Seattle_WA,1999,23C.M11.1,11,1,23,36460,300,33.37,123.21,123.21,185.15,yes,5th,54.13333333,19.43,19,23.28333333,61.94
246,Pieris_rapae,Seattle_WA,1999,23C.M11.1,11,1,23,36461,301,33.37,185.15,185.15,194.69,yes,5th,79.13333333,19,20,25,9.54
247,Pieris_rapae,Seattle_WA,1999,23C.M12.1,12,1,23,36458,298,36.43,36.43,36.43,36.43,yes,5th,0,12.52,12.52,0,0
248,Pieris_rapae,Seattle_WA,1999,23C.M12.1,12,1,23,36458,298,36.43,36.43,36.43,54.46,yes,5th,7.133333333,12.52,20,7.133333333,18.03
249,Pieris_rapae,Seattle_WA,1999,23C.M12.1,12,1,23,36459,299,36.43,54.46,54.46,111.45,yes,5th,25.05,20,13.55,17.91666667,56.99
250,Pieris_rapae,Seattle_WA,1999,23C.M12.1,12,1,23,36459,299,36.43,111.45,111.45,135.86,yes,5th,30.85,13.55,19.43,5.8,24.41
251,Pieris_rapae,Seattle_WA,1999,23C.M12.1,12,1,23,36460,300,36.43,135.86,135.86,192.18,yes,5th,54.13333333,19.43,19,23.28333333,56.32
252,Pieris_rapae,Seattle_WA,1999,23C.M12.1,12,1,23,36461,301,36.43,192.18,192.18,NA,no,P,79.13333333,19,20,25,NA
253,Pieris_rapae,Seattle_WA,1999,23C.M13.1,13,1,23,36465,305,58.75,58.75,58.75,58.75,yes,5th,0,13.33,13.33,0,0
254,Pieris_rapae,Seattle_WA,1999,23C.M13.1,13,1,23,36465,305,58.75,58.75,58.75,63.39,yes,5th,5.616666667,13.33,19.1,5.616666667,4.64
255,Pieris_rapae,Seattle_WA,1999,23C.M13.1,13,1,23,36466,306,58.75,63.39,63.39,156.83,yes,5th,26.01666667,19.1,15.34,20.4,93.44
256,Pieris_rapae,Seattle_WA,1999,23C.M13.1,13,1,23,36466,306,58.75,156.83,156.83,158.67,yes,5th,31.36666667,15.34,20.55,5.35,1.84
257,Pieris_rapae,Seattle_WA,1999,23C.M13.1,13,1,23,36467,307,58.75,158.67,158.67,239.85,yes,5th,54.15,20.55,19.42,22.78333333,81.18
258,Pieris_rapae,Seattle_WA,1999,23C.M13.1,13,1,23,36468,308,58.75,239.85,239.85,216.95,yes,5th,77.96666667,19.42,19.31,23.81666667,-22.9
259,Pieris_rapae,Seattle_WA,1999,23C.M15.1,15,1,23,36458,298,39.81,39.81,39.81,39.81,yes,5th,0,12.52,12.52,0,0
260,Pieris_rapae,Seattle_WA,1999,23C.M15.1,15,1,23,36458,298,39.81,39.81,39.81,54.03,yes,5th,7.133333333,12.52,20,7.133333333,14.22
261,Pieris_rapae,Seattle_WA,1999,23C.M15.1,15,1,23,36459,299,39.81,54.03,54.03,52.18,yes,5th,25.05,20,13.55,17.91666667,-1.85
262,Pieris_rapae,Seattle_WA,1999,23C.M15.1,15,1,23,36459,299,39.81,52.18,52.18,66.26,yes,5th,30.85,13.55,19.43,5.8,14.08
263,Pieris_rapae,Seattle_WA,1999,23C.M15.1,15,1,23,36460,300,39.81,66.26,66.26,137.84,yes,5th,54.13333333,19.43,19,23.28333333,71.58
264,Pieris_rapae,Seattle_WA,1999,23C.M15.1,15,1,23,36461,301,39.81,137.84,137.84,220.15,yes,5th,79.13333333,19,20,25,82.31
265,Pieris_rapae,Seattle_WA,1999,23C.M15.31,15,31,23,36465,305,52.32,52.32,52.32,52.32,yes,5th,0,13.33,13.33,0,0
266,Pieris_rapae,Seattle_WA,1999,23C.M15.31,15,31,23,36465,305,52.32,52.32,52.32,60.33,yes,5th,5.616666667,13.33,19.1,5.616666667,8.01
267,Pieris_rapae,Seattle_WA,1999,23C.M15.31,15,31,23,36466,306,52.32,60.33,60.33,100.83,yes,5th,26.01666667,19.1,15.34,20.4,40.5
268,Pieris_rapae,Seattle_WA,1999,23C.M15.31,15,31,23,36466,306,52.32,100.83,100.83,136.62,yes,5th,31.36666667,15.34,20.55,5.35,35.79
269,Pieris_rapae,Seattle_WA,1999,23C.M15.31,15,31,23,36467,307,52.32,136.62,136.62,189.26,yes,5th,54.15,20.55,19.42,22.78333333,52.64
270,Pieris_rapae,Seattle_WA,1999,23C.M15.31,15,31,23,36468,308,52.32,189.26,189.26,242.79,yes,5th,77.96666667,19.42,19.31,23.81666667,53.53
271,Pieris_rapae,Seattle_WA,1999,23C.M15.2,15,2,23,36458,298,42.63,42.63,42.63,42.63,yes,5th,0,12.52,12.52,0,0
272,Pieris_rapae,Seattle_WA,1999,23C.M15.2,15,2,23,36458,298,42.63,42.63,42.63,49.74,yes,5th,7.133333333,12.52,20,7.133333333,7.11
273,Pieris_rapae,Seattle_WA,1999,23C.M15.2,15,2,23,36459,299,42.63,49.74,49.74,49.22,yes,5th,25.05,20,13.55,17.91666667,-0.52
274,Pieris_rapae,Seattle_WA,1999,23C.M15.2,15,2,23,36459,299,42.63,49.22,49.22,63,yes,5th,30.85,13.55,19.43,5.8,13.78
275,Pieris_rapae,Seattle_WA,1999,23C.M15.2,15,2,23,36460,300,42.63,63,63,157.16,yes,5th,54.13333333,19.43,19,23.28333333,94.16
276,Pieris_rapae,Seattle_WA,1999,23C.M15.2,15,2,23,36461,301,42.63,157.16,157.16,236.4,yes,5th,79.13333333,19,20,25,79.24
277,Pieris_rapae,Seattle_WA,1999,23C.M15.32,15,32,23,36465,305,55.29,55.29,55.29,55.29,yes,5th,0,13.33,13.33,0,0
278,Pieris_rapae,Seattle_WA,1999,23C.M15.32,15,32,23,36465,305,55.29,55.29,55.29,69.25,yes,5th,5.616666667,13.33,19.1,5.616666667,13.96
279,Pieris_rapae,Seattle_WA,1999,23C.M15.32,15,32,23,36466,306,55.29,69.25,69.25,121.88,yes,5th,26.01666667,19.1,15.34,20.4,52.63
280,Pieris_rapae,Seattle_WA,1999,23C.M15.32,15,32,23,36466,306,55.29,121.88,121.88,159.64,yes,5th,31.36666667,15.34,20.55,5.35,37.76
281,Pieris_rapae,Seattle_WA,1999,23C.M15.32,15,32,23,36467,307,55.29,159.64,159.64,217.72,yes,5th,54.15,20.55,19.42,22.78333333,58.08
282,Pieris_rapae,Seattle_WA,1999,23C.M15.32,15,32,23,36468,308,55.29,217.72,217.72,254.49,yes,5th,77.96666667,19.42,19.31,23.81666667,36.77
283,Pieris_rapae,Seattle_WA,1999,23C.M15.3,15,3,23,36465,305,58.49,58.49,58.49,58.49,yes,5th,0,13.33,13.33,0,0
284,Pieris_rapae,Seattle_WA,1999,23C.M15.3,15,3,23,36465,305,58.49,58.49,58.49,75.56,yes,5th,5.616666667,13.33,19.1,5.616666667,17.07
285,Pieris_rapae,Seattle_WA,1999,23C.M15.3,15,3,23,36466,306,58.49,75.56,75.56,148.02,yes,5th,26.01666667,19.1,15.34,20.4,72.46
286,Pieris_rapae,Seattle_WA,1999,23C.M15.3,15,3,23,36466,306,58.49,148.02,148.02,169.33,yes,5th,31.36666667,15.34,20.55,5.35,21.31
287,Pieris_rapae,Seattle_WA,1999,23C.M15.3,15,3,23,36467,307,58.49,169.33,169.33,233.58,yes,5th,54.15,20.55,19.42,22.78333333,64.25
288,Pieris_rapae,Seattle_WA,1999,23C.M15.3,15,3,23,36468,308,58.49,233.58,233.58,NA,no,P,77.96666667,19.42,19.31,23.81666667,NA
289,Pieris_rapae,Seattle_WA,1999,23C.M15.4,15,4,23,36465,305,57.15,57.15,57.15,57.15,yes,5th,0,13.33,13.33,0,0
290,Pieris_rapae,Seattle_WA,1999,23C.M15.4,15,4,23,36465,305,57.15,57.15,57.15,67.93,yes,5th,5.616666667,13.33,19.1,5.616666667,10.78
291,Pieris_rapae,Seattle_WA,1999,23C.M15.4,15,4,23,36466,306,57.15,67.93,67.93,107.94,yes,5th,26.01666667,19.1,15.34,20.4,40.01
292,Pieris_rapae,Seattle_WA,1999,23C.M15.4,15,4,23,36466,306,57.15,107.94,107.94,103.63,yes,5th,31.36666667,15.34,20.55,5.35,-4.31
293,Pieris_rapae,Seattle_WA,1999,23C.M15.4,15,4,23,36467,307,57.15,103.63,103.63,NA,no,5th,54.15,20.55,19.42,22.78333333,NA
294,Pieris_rapae,Seattle_WA,1999,23C.M15.4,15,4,23,36468,308,57.15,NA,NA,NA,no,5th,77.96666667,19.42,19.31,23.81666667,NA
295,Pieris_rapae,Seattle_WA,1999,23C.M16.1,16,1,23,36465,305,49.55,49.55,49.55,49.55,yes,5th,0,13.33,13.33,0,0
296,Pieris_rapae,Seattle_WA,1999,23C.M16.1,16,1,23,36465,305,49.55,49.55,49.55,60.94,yes,5th,5.616666667,13.33,19.1,5.616666667,11.39
297,Pieris_rapae,Seattle_WA,1999,23C.M16.1,16,1,23,36466,306,49.55,60.94,60.94,137.24,yes,5th,26.01666667,19.1,15.34,20.4,76.3
298,Pieris_rapae,Seattle_WA,1999,23C.M16.1,16,1,23,36466,306,49.55,137.24,137.24,164.76,yes,5th,31.36666667,15.34,20.55,5.35,27.52
299,Pieris_rapae,Seattle_WA,1999,23C.M16.1,16,1,23,36467,307,49.55,164.76,164.76,225.35,yes,5th,54.15,20.55,19.42,22.78333333,60.59
300,Pieris_rapae,Seattle_WA,1999,23C.M16.1,16,1,23,36468,308,49.55,225.35,225.35,193.93,yes,5th,77.96666667,19.42,19.31,23.81666667,-31.42
301,Pieris_rapae,Seattle_WA,1999,23C.M2.1,2,1,23,36458,298,57.78,57.78,57.78,57.78,yes,5th,0,12.52,12.52,0,0
302,Pieris_rapae,Seattle_WA,1999,23C.M2.1,2,1,23,36458,298,57.78,57.78,57.78,77.1,yes,5th,7.133333333,12.52,20,7.133333333,19.32
303,Pieris_rapae,Seattle_WA,1999,23C.M2.1,2,1,23,36459,299,57.78,77.1,77.1,146.53,yes,5th,25.05,20,13.55,17.91666667,69.43
304,Pieris_rapae,Seattle_WA,1999,23C.M2.1,2,1,23,36459,299,57.78,146.53,146.53,163.76,yes,5th,30.85,13.55,19.43,5.8,17.23
305,Pieris_rapae,Seattle_WA,1999,23C.M2.1,2,1,23,36460,300,57.78,163.76,163.76,167.02,yes,5th,54.13333333,19.43,19,23.28333333,3.26
306,Pieris_rapae,Seattle_WA,1999,23C.M2.1,2,1,23,36461,301,57.78,167.02,167.02,NA,no,P,79.13333333,19,20,25,NA
307,Pieris_rapae,Seattle_WA,1999,23C.M3.1,3,1,23,36458,298,44.56,44.56,44.56,44.56,yes,5th,0,12.52,12.52,0,0
308,Pieris_rapae,Seattle_WA,1999,23C.M3.1,3,1,23,36458,298,44.56,44.56,44.56,67.9,yes,5th,7.133333333,12.52,20,7.133333333,23.34
309,Pieris_rapae,Seattle_WA,1999,23C.M3.1,3,1,23,36459,299,44.56,67.9,67.9,125.63,yes,5th,25.05,20,13.55,17.91666667,57.73
310,Pieris_rapae,Seattle_WA,1999,23C.M3.1,3,1,23,36459,299,44.56,125.63,125.63,151.52,yes,5th,30.85,13.55,19.43,5.8,25.89
311,Pieris_rapae,Seattle_WA,1999,23C.M3.1,3,1,23,36460,300,44.56,151.52,151.52,210.94,yes,5th,54.13333333,19.43,19,23.28333333,59.42
312,Pieris_rapae,Seattle_WA,1999,23C.M3.1,3,1,23,36461,301,44.56,210.94,210.94,NA,no,P,79.13333333,19,20,25,NA
313,Pieris_rapae,Seattle_WA,1999,23C.M3.31,3,31,23,36465,305,39.87,39.87,39.87,39.87,yes,5th,0,13.33,13.33,0,0
314,Pieris_rapae,Seattle_WA,1999,23C.M3.31,3,31,23,36465,305,39.87,39.87,39.87,59.65,yes,5th,5.616666667,13.33,19.1,5.616666667,19.78
315,Pieris_rapae,Seattle_WA,1999,23C.M3.31,3,31,23,36466,306,39.87,59.65,59.65,73.23,yes,5th,26.01666667,19.1,15.34,20.4,13.58
316,Pieris_rapae,Seattle_WA,1999,23C.M3.31,3,31,23,36466,306,39.87,73.23,73.23,66.46,no,5th,31.36666667,15.34,20.55,5.35,-6.77
317,Pieris_rapae,Seattle_WA,1999,23C.M3.31,3,31,23,36467,307,39.87,66.46,66.46,NA,no,5th,54.15,20.55,19.42,22.78333333,NA
318,Pieris_rapae,Seattle_WA,1999,23C.M3.31,3,31,23,36468,308,39.87,NA,NA,NA,no,5th,77.96666667,19.42,19.31,23.81666667,NA
319,Pieris_rapae,Seattle_WA,1999,23C.M3.2,3,2,23,36458,298,43.16,43.16,43.16,43.16,yes,5th,0,12.52,12.52,0,0
320,Pieris_rapae,Seattle_WA,1999,23C.M3.2,3,2,23,36458,298,43.16,43.16,43.16,71.35,yes,5th,7.133333333,12.52,20,7.133333333,28.19
321,Pieris_rapae,Seattle_WA,1999,23C.M3.2,3,2,23,36459,299,43.16,71.35,71.35,125.1,yes,5th,25.05,20,13.55,17.91666667,53.75
322,Pieris_rapae,Seattle_WA,1999,23C.M3.2,3,2,23,36459,299,43.16,125.1,125.1,144.07,yes,5th,30.85,13.55,19.43,5.8,18.97
323,Pieris_rapae,Seattle_WA,1999,23C.M3.2,3,2,23,36460,300,43.16,144.07,144.07,213.88,yes,5th,54.13333333,19.43,19,23.28333333,69.81
324,Pieris_rapae,Seattle_WA,1999,23C.M3.2,3,2,23,36461,301,43.16,213.88,213.88,NA,no,P,79.13333333,19,20,25,NA
325,Pieris_rapae,Seattle_WA,1999,23C.M3.3,3,3,23,36458,298,57.22,57.22,57.22,57.22,yes,5th,0,12.52,12.52,0,0
326,Pieris_rapae,Seattle_WA,1999,23C.M3.3,3,3,23,36458,298,57.22,57.22,57.22,68.03,yes,5th,7.133333333,12.52,20,7.133333333,10.81
327,Pieris_rapae,Seattle_WA,1999,23C.M3.3,3,3,23,36459,299,57.22,68.03,68.03,103.78,yes,5th,25.05,20,13.55,17.91666667,35.75
328,Pieris_rapae,Seattle_WA,1999,23C.M3.3,3,3,23,36459,299,57.22,103.78,103.78,112.39,yes,5th,30.85,13.55,19.43,5.8,8.61
329,Pieris_rapae,Seattle_WA,1999,23C.M3.3,3,3,23,36460,300,57.22,112.39,112.39,171.32,yes,5th,54.13333333,19.43,19,23.28333333,58.93
330,Pieris_rapae,Seattle_WA,1999,23C.M3.3,3,3,23,36461,301,57.22,171.32,171.32,211.98,yes,5th,79.13333333,19,20,25,40.66
331,Pieris_rapae,Seattle_WA,1999,23C.M5.1,5,1,23,36458,298,49.62,49.62,49.62,49.62,yes,5th,0,12.52,12.52,0,0
332,Pieris_rapae,Seattle_WA,1999,23C.M5.1,5,1,23,36458,298,49.62,49.62,49.62,65.94,yes,5th,7.133333333,12.52,20,7.133333333,16.32
333,Pieris_rapae,Seattle_WA,1999,23C.M5.1,5,1,23,36459,299,49.62,65.94,65.94,138.88,yes,5th,25.05,20,13.55,17.91666667,72.94
334,Pieris_rapae,Seattle_WA,1999,23C.M5.1,5,1,23,36459,299,49.62,138.88,138.88,175.76,yes,5th,30.85,13.55,19.43,5.8,36.88
335,Pieris_rapae,Seattle_WA,1999,23C.M5.1,5,1,23,36460,300,49.62,175.76,175.76,205.8,yes,5th,54.13333333,19.43,19,23.28333333,30.04
336,Pieris_rapae,Seattle_WA,1999,23C.M5.1,5,1,23,36461,301,49.62,205.8,205.8,NA,no,P,79.13333333,19,20,25,NA
337,Pieris_rapae,Seattle_WA,1999,23C.M5.2,5,2,23,36458,298,57.2,57.2,57.2,57.2,yes,5th,0,12.52,12.52,0,0
338,Pieris_rapae,Seattle_WA,1999,23C.M5.2,5,2,23,36458,298,57.2,57.2,57.2,71.45,yes,5th,7.133333333,12.52,20,7.133333333,14.25
339,Pieris_rapae,Seattle_WA,1999,23C.M5.2,5,2,23,36459,299,57.2,71.45,71.45,142.23,yes,5th,25.05,20,13.55,17.91666667,70.78
340,Pieris_rapae,Seattle_WA,1999,23C.M5.2,5,2,23,36459,299,57.2,142.23,142.23,162.15,yes,5th,30.85,13.55,19.43,5.8,19.92
341,Pieris_rapae,Seattle_WA,1999,23C.M5.2,5,2,23,36460,300,57.2,162.15,162.15,203.65,yes,5th,54.13333333,19.43,19,23.28333333,41.5
342,Pieris_rapae,Seattle_WA,1999,23C.M5.2,5,2,23,36461,301,57.2,203.65,203.65,NA,no,P,79.13333333,19,20,25,NA
343,Pieris_rapae,Seattle_WA,1999,23C.M8.2,8,2,23,36458,298,52.55,52.55,52.55,52.55,yes,5th,0,12.52,12.52,0,0
344,Pieris_rapae,Seattle_WA,1999,23C.M8.2,8,2,23,36458,298,52.55,52.55,52.55,63.33,yes,5th,7.133333333,12.52,20,7.133333333,10.78
345,Pieris_rapae,Seattle_WA,1999,23C.M8.2,8,2,23,36459,299,52.55,63.33,63.33,80.45,yes,5th,25.05,20,13.55,17.91666667,17.12
346,Pieris_rapae,Seattle_WA,1999,23C.M8.2,8,2,23,36459,299,52.55,80.45,80.45,86.27,yes,5th,30.85,13.55,19.43,5.8,5.82
347,Pieris_rapae,Seattle_WA,1999,23C.M8.2,8,2,23,36460,300,52.55,86.27,86.27,123.91,yes,5th,54.13333333,19.43,19,23.28333333,37.64
348,Pieris_rapae,Seattle_WA,1999,23C.M8.2,8,2,23,36461,301,52.55,123.91,123.91,143.41,yes,5th,79.13333333,19,20,25,19.5
349,Pieris_rapae,Seattle_WA,1999,23C.M9.1,9,1,23,36458,298,45.85,45.85,45.85,45.85,yes,5th,0,12.52,12.52,0,0
350,Pieris_rapae,Seattle_WA,1999,23C.M9.1,9,1,23,36458,298,45.85,45.85,45.85,63.94,yes,5th,7.133333333,12.52,20,7.133333333,18.09
351,Pieris_rapae,Seattle_WA,1999,23C.M9.1,9,1,23,36459,299,45.85,63.94,63.94,128.12,yes,5th,25.05,20,13.55,17.91666667,64.18
352,Pieris_rapae,Seattle_WA,1999,23C.M9.1,9,1,23,36459,299,45.85,128.12,128.12,150.3,yes,5th,30.85,13.55,19.43,5.8,22.18
353,Pieris_rapae,Seattle_WA,1999,23C.M9.1,9,1,23,36460,300,45.85,150.3,150.3,175.27,yes,5th,54.13333333,19.43,19,23.28333333,24.97
354,Pieris_rapae,Seattle_WA,1999,23C.M9.1,9,1,23,36461,301,45.85,175.27,175.27,NA,no,P,79.13333333,19,20,25,NA
355,Pieris_rapae,Seattle_WA,1999,29C.M10.1,10,1,29,36460,300,54.56,54.56,54.56,54.56,yes,5th,0,13.05,13.05,0,0
356,Pieris_rapae,Seattle_WA,1999,29C.M10.1,10,1,29,36460,300,54.56,54.56,54.56,78.49,yes,5th,6.333333333,13.05,19.25,6.333333333,23.93
357,Pieris_rapae,Seattle_WA,1999,29C.M10.1,10,1,29,36461,301,54.56,78.49,78.49,98.5,yes,5th,24.16666667,19.25,13.15,17.83333333,20.01
358,Pieris_rapae,Seattle_WA,1999,29C.M10.1,10,1,29,36461,301,54.56,98.5,98.5,123.02,yes,5th,29.83333333,13.15,18.55,5.666666667,24.52
359,Pieris_rapae,Seattle_WA,1999,29C.M10.1,10,1,29,36462,302,54.56,123.02,123.02,171.94,yes,5th,53.66666667,18.55,18.45,23.83333333,48.92
360,Pieris_rapae,Seattle_WA,1999,29C.M10.1,10,1,29,36463,303,54.56,171.94,171.94,148.48,yes,5th,77.66666667,18.45,18.45,24,-23.46
361,Pieris_rapae,Seattle_WA,1999,29C.M10.2,10,2,29,36460,300,54.47,54.47,54.47,54.47,yes,5th,0,13.05,13.05,0,0
362,Pieris_rapae,Seattle_WA,1999,29C.M10.2,10,2,29,36460,300,54.47,54.47,54.47,74.74,yes,5th,6.333333333,13.05,19.25,6.333333333,20.27
363,Pieris_rapae,Seattle_WA,1999,29C.M10.2,10,2,29,36461,301,54.47,74.74,74.74,146.16,yes,5th,24.16666667,19.25,13.15,17.83333333,71.42
364,Pieris_rapae,Seattle_WA,1999,29C.M10.2,10,2,29,36461,301,54.47,146.16,146.16,157.51,yes,5th,29.83333333,13.15,18.55,5.666666667,11.35
365,Pieris_rapae,Seattle_WA,1999,29C.M10.2,10,2,29,36462,302,54.47,157.51,157.51,197.74,yes,5th,53.66666667,18.55,18.45,23.83333333,40.23
366,Pieris_rapae,Seattle_WA,1999,29C.M10.2,10,2,29,36463,303,54.47,197.74,197.74,183.12,yes,5th,77.66666667,18.45,18.45,24,-14.62
367,Pieris_rapae,Seattle_WA,1999,29C.M11.1,11,1,29,36460,300,48.57,48.57,48.57,48.57,yes,5th,0,13.05,13.05,0,0
368,Pieris_rapae,Seattle_WA,1999,29C.M11.1,11,1,29,36460,300,48.57,48.57,48.57,63.19,yes,5th,6.333333333,13.05,19.25,6.333333333,14.62
369,Pieris_rapae,Seattle_WA,1999,29C.M11.1,11,1,29,36461,301,48.57,63.19,63.19,145.11,yes,5th,24.16666667,19.25,13.15,17.83333333,81.92
370,Pieris_rapae,Seattle_WA,1999,29C.M11.1,11,1,29,36461,301,48.57,145.11,145.11,157.44,yes,5th,29.83333333,13.15,18.55,5.666666667,12.33
371,Pieris_rapae,Seattle_WA,1999,29C.M11.1,11,1,29,36462,302,48.57,157.44,157.44,179.04,yes,5th,53.66666667,18.55,18.45,23.83333333,21.6
372,Pieris_rapae,Seattle_WA,1999,29C.M11.1,11,1,29,36463,303,48.57,179.04,179.04,NA,no,P,77.66666667,18.45,18.45,24,NA
373,Pieris_rapae,Seattle_WA,1999,29C.M11.2,11,2,29,36460,300,46.3,46.3,46.3,46.3,yes,5th,0,13.05,13.05,0,0
374,Pieris_rapae,Seattle_WA,1999,29C.M11.2,11,2,29,36460,300,46.3,46.3,46.3,69.72,yes,5th,6.333333333,13.05,19.25,6.333333333,23.42
375,Pieris_rapae,Seattle_WA,1999,29C.M11.2,11,2,29,36461,301,46.3,69.72,69.72,153.74,yes,5th,24.16666667,19.25,13.15,17.83333333,84.02
376,Pieris_rapae,Seattle_WA,1999,29C.M11.2,11,2,29,36461,301,46.3,153.74,153.74,145.92,yes,5th,29.83333333,13.15,18.55,5.666666667,-7.82
377,Pieris_rapae,Seattle_WA,1999,29C.M11.2,11,2,29,36462,302,46.3,145.92,145.92,181.72,yes,5th,53.66666667,18.55,18.45,23.83333333,35.8
378,Pieris_rapae,Seattle_WA,1999,29C.M11.2,11,2,29,36463,303,46.3,181.72,181.72,182.22,yes,5th,77.66666667,18.45,18.45,24,0.5
379,Pieris_rapae,Seattle_WA,1999,29C.M12.1,12,1,29,36460,300,52.31,52.31,52.31,52.31,yes,5th,0,13.05,13.05,0,0
380,Pieris_rapae,Seattle_WA,1999,29C.M12.1,12,1,29,36460,300,52.31,52.31,52.31,75.14,yes,5th,6.333333333,13.05,19.25,6.333333333,22.83
381,Pieris_rapae,Seattle_WA,1999,29C.M12.1,12,1,29,36461,301,52.31,75.14,75.14,164.79,yes,5th,24.16666667,19.25,13.15,17.83333333,89.65
382,Pieris_rapae,Seattle_WA,1999,29C.M12.1,12,1,29,36461,301,52.31,164.79,164.79,176.82,yes,5th,29.83333333,13.15,18.55,5.666666667,12.03
383,Pieris_rapae,Seattle_WA,1999,29C.M12.1,12,1,29,36462,302,52.31,176.82,176.82,211.31,yes,5th,53.66666667,18.55,18.45,23.83333333,34.49
384,Pieris_rapae,Seattle_WA,1999,29C.M12.1,12,1,29,36463,303,52.31,211.31,211.31,169.47,yes,5th,77.66666667,18.45,18.45,24,-41.84
385,Pieris_rapae,Seattle_WA,1999,29C.M12.2,12,2,29,36460,300,47.24,47.24,47.24,47.24,yes,5th,0,13.05,13.05,0,0
386,Pieris_rapae,Seattle_WA,1999,29C.M12.2,12,2,29,36460,300,47.24,47.24,47.24,63.16,yes,5th,6.333333333,13.05,19.25,6.333333333,15.92
387,Pieris_rapae,Seattle_WA,1999,29C.M12.2,12,2,29,36461,301,47.24,63.16,63.16,134.71,yes,5th,24.16666667,19.25,13.15,17.83333333,71.55
388,Pieris_rapae,Seattle_WA,1999,29C.M12.2,12,2,29,36461,301,47.24,134.71,134.71,144.86,yes,5th,29.83333333,13.15,18.55,5.666666667,10.15
389,Pieris_rapae,Seattle_WA,1999,29C.M12.2,12,2,29,36462,302,47.24,144.86,144.86,150.95,yes,5th,53.66666667,18.55,18.45,23.83333333,6.09
390,Pieris_rapae,Seattle_WA,1999,29C.M12.2,12,2,29,36463,303,47.24,150.95,150.95,NA,no,P,77.66666667,18.45,18.45,24,NA
391,Pieris_rapae,Seattle_WA,1999,29C.M16.1,16,1,29,36460,300,54.03,54.03,54.03,54.03,yes,5th,0,13.05,13.05,0,0
392,Pieris_rapae,Seattle_WA,1999,29C.M16.1,16,1,29,36460,300,54.03,54.03,54.03,53.52,no,5th,6.333333333,13.05,19.25,6.333333333,-0.51
393,Pieris_rapae,Seattle_WA,1999,29C.M16.1,16,1,29,36461,301,54.03,53.52,53.52,110.61,yes,5th,24.16666667,19.25,13.15,17.83333333,57.09
394,Pieris_rapae,Seattle_WA,1999,29C.M16.1,16,1,29,36461,301,54.03,110.61,110.61,143.75,yes,5th,29.83333333,13.15,18.55,5.666666667,33.14
395,Pieris_rapae,Seattle_WA,1999,29C.M16.1,16,1,29,36462,302,54.03,143.75,143.75,221.94,yes,5th,53.66666667,18.55,18.45,23.83333333,78.19
396,Pieris_rapae,Seattle_WA,1999,29C.M16.1,16,1,29,36463,303,54.03,221.94,221.94,192.43,no,5th,77.66666667,18.45,18.45,24,-29.51
397,Pieris_rapae,Seattle_WA,1999,29C.M3.1,3,1,29,36460,300,40.9,40.9,40.9,40.9,yes,5th,0,13.05,13.05,0,0
398,Pieris_rapae,Seattle_WA,1999,29C.M3.1,3,1,29,36460,300,40.9,40.9,40.9,53.13,yes,5th,6.333333333,13.05,19.25,6.333333333,12.23
399,Pieris_rapae,Seattle_WA,1999,29C.M3.1,3,1,29,36461,301,40.9,53.13,53.13,100.4,yes,5th,24.16666667,19.25,13.15,17.83333333,47.27
400,Pieris_rapae,Seattle_WA,1999,29C.M3.1,3,1,29,36461,301,40.9,100.4,100.4,92.42,yes,5th,29.83333333,13.15,18.55,5.666666667,-7.98
401,Pieris_rapae,Seattle_WA,1999,29C.M3.1,3,1,29,36462,302,40.9,92.42,92.42,163.31,yes,5th,53.66666667,18.55,18.45,23.83333333,70.89
402,Pieris_rapae,Seattle_WA,1999,29C.M3.1,3,1,29,36463,303,40.9,163.31,163.31,177.36,yes,5th,77.66666667,18.45,18.45,24,14.05
403,Pieris_rapae,Seattle_WA,1999,29C.M3.2,3,2,29,36460,300,42.66,42.66,42.66,42.66,yes,5th,0,13.05,13.05,0,0
404,Pieris_rapae,Seattle_WA,1999,29C.M3.2,3,2,29,36460,300,42.66,42.66,42.66,58.48,yes,5th,6.333333333,13.05,19.25,6.333333333,15.82
405,Pieris_rapae,Seattle_WA,1999,29C.M3.2,3,2,29,36461,301,42.66,58.48,58.48,106.95,yes,5th,24.16666667,19.25,13.15,17.83333333,48.47
406,Pieris_rapae,Seattle_WA,1999,29C.M3.2,3,2,29,36461,301,42.66,106.95,106.95,123.56,yes,5th,29.83333333,13.15,18.55,5.666666667,16.61
407,Pieris_rapae,Seattle_WA,1999,29C.M3.2,3,2,29,36462,302,42.66,123.56,123.56,185.6,yes,5th,53.66666667,18.55,18.45,23.83333333,62.04
408,Pieris_rapae,Seattle_WA,1999,29C.M3.2,3,2,29,36463,303,42.66,185.6,185.6,211.37,yes,5th,77.66666667,18.45,18.45,24,25.77
409,Pieris_rapae,Seattle_WA,1999,29C.M5.1,5,1,29,36460,300,53.03,53.03,53.03,53.03,yes,5th,0,13.05,13.05,0,0
410,Pieris_rapae,Seattle_WA,1999,29C.M5.1,5,1,29,36460,300,53.03,53.03,53.03,74.1,yes,5th,6.333333333,13.05,19.25,6.333333333,21.07
411,Pieris_rapae,Seattle_WA,1999,29C.M5.1,5,1,29,36461,301,53.03,74.1,74.1,140.38,yes,5th,24.16666667,19.25,13.15,17.83333333,66.28
412,Pieris_rapae,Seattle_WA,1999,29C.M5.1,5,1,29,36461,301,53.03,140.38,140.38,179.73,yes,5th,29.83333333,13.15,18.55,5.666666667,39.35
413,Pieris_rapae,Seattle_WA,1999,29C.M5.1,5,1,29,36462,302,53.03,179.73,179.73,214.95,yes,5th,53.66666667,18.55,18.45,23.83333333,35.22
414,Pieris_rapae,Seattle_WA,1999,29C.M5.1,5,1,29,36463,303,53.03,214.95,214.95,NA,no,P,77.66666667,18.45,18.45,24,NA
415,Pieris_rapae,Seattle_WA,1999,29C.M8.1,8,1,29,36460,300,43.78,43.78,43.78,43.78,yes,5th,0,13.05,13.05,0,0
416,Pieris_rapae,Seattle_WA,1999,29C.M8.1,8,1,29,36460,300,43.78,43.78,43.78,60.25,yes,5th,6.333333333,13.05,19.25,6.333333333,16.47
417,Pieris_rapae,Seattle_WA,1999,29C.M8.1,8,1,29,36461,301,43.78,60.25,60.25,69.54,yes,5th,24.16666667,19.25,13.15,17.83333333,9.29
418,Pieris_rapae,Seattle_WA,1999,29C.M8.1,8,1,29,36461,301,43.78,69.54,69.54,66.71,no,5th,29.83333333,13.15,18.55,5.666666667,-2.83
419,Pieris_rapae,Seattle_WA,1999,29C.M8.1,8,1,29,36462,302,43.78,66.71,66.71,NA,no,5th,53.66666667,18.55,18.45,23.83333333,NA
420,Pieris_rapae,Seattle_WA,1999,29C.M8.1,8,1,29,36463,303,43.78,NA,NA,NA,no,5th,77.66666667,18.45,18.45,24,NA
421,Pieris_rapae,Seattle_WA,1999,29C.M8.2,8,2,29,36460,300,51.22,51.22,51.22,51.22,yes,5th,0,13.05,13.05,0,0
422,Pieris_rapae,Seattle_WA,1999,29C.M8.2,8,2,29,36460,300,51.22,51.22,51.22,60.88,yes,5th,6.333333333,13.05,19.25,6.333333333,9.66
423,Pieris_rapae,Seattle_WA,1999,29C.M8.2,8,2,29,36461,301,51.22,60.88,60.88,111.3,yes,5th,24.16666667,19.25,13.15,17.83333333,50.42
424,Pieris_rapae,Seattle_WA,1999,29C.M8.2,8,2,29,36461,301,51.22,111.3,111.3,114.32,yes,5th,29.83333333,13.15,18.55,5.666666667,3.02
425,Pieris_rapae,Seattle_WA,1999,29C.M8.2,8,2,29,36462,302,51.22,114.32,114.32,163.53,yes,5th,53.66666667,18.55,18.45,23.83333333,49.21
426,Pieris_rapae,Seattle_WA,1999,29C.M8.2,8,2,29,36463,303,51.22,163.53,163.53,180.15,yes,5th,77.66666667,18.45,18.45,24,16.62
427,Pieris_rapae,Seattle_WA,1999,29C.M8.3,8,3,29,36460,300,45.11,45.11,45.11,45.11,yes,5th,0,13.05,13.05,0,0
428,Pieris_rapae,Seattle_WA,1999,29C.M8.3,8,3,29,36460,300,45.11,45.11,45.11,66.73,yes,5th,6.333333333,13.05,19.25,6.333333333,21.62
429,Pieris_rapae,Seattle_WA,1999,29C.M8.3,8,3,29,36461,301,45.11,66.73,66.73,128.37,yes,5th,24.16666667,19.25,13.15,17.83333333,61.64
430,Pieris_rapae,Seattle_WA,1999,29C.M8.3,8,3,29,36461,301,45.11,128.37,128.37,161.3,yes,5th,29.83333333,13.15,18.55,5.666666667,32.93
431,Pieris_rapae,Seattle_WA,1999,29C.M8.3,8,3,29,36462,302,45.11,161.3,161.3,207.98,yes,5th,53.66666667,18.55,18.45,23.83333333,46.68
432,Pieris_rapae,Seattle_WA,1999,29C.M8.3,8,3,29,36463,303,45.11,207.98,207.98,176.54,yes,5th,77.66666667,18.45,18.45,24,-31.44
433,Pieris_rapae,Seattle_WA,1999,35C.M12.1,12,1,35,36465,305,55.44,55.44,55.44,55.44,yes,5th,0,13.23,13.23,0,0
434,Pieris_rapae,Seattle_WA,1999,35C.M12.1,12,1,35,36465,305,55.44,55.44,55.44,61.17,yes,5th,5.65,13.23,19.02,5.65,5.73
435,Pieris_rapae,Seattle_WA,1999,35C.M12.1,12,1,35,36466,306,55.44,61.17,61.17,45.99,yes,5th,25.98333333,19.02,15.22,20.33333333,-15.18
436,Pieris_rapae,Seattle_WA,1999,35C.M12.1,12,1,35,36466,306,55.44,45.99,45.99,51.32,yes,5th,31.38333333,15.22,20.46,5.4,5.33
437,Pieris_rapae,Seattle_WA,1999,35C.M12.1,12,1,35,36467,307,55.44,51.32,51.32,NA,no,5th,54.15,20.46,19.32,22.76666667,NA
438,Pieris_rapae,Seattle_WA,1999,35C.M12.1,12,1,35,36468,308,55.44,NA,NA,NA,no,5th,78,19.32,19.23,23.85,NA
439,Pieris_rapae,Seattle_WA,1999,35C.M13.1,13,1,35,36465,305,61.92,61.92,61.92,61.92,yes,5th,0,13.23,13.23,0,0
440,Pieris_rapae,Seattle_WA,1999,35C.M13.1,13,1,35,36465,305,61.92,61.92,61.92,91.7,yes,5th,5.65,13.23,19.02,5.65,29.78
441,Pieris_rapae,Seattle_WA,1999,35C.M13.1,13,1,35,36466,306,61.92,91.7,91.7,163.72,yes,5th,25.98333333,19.02,15.22,20.33333333,72.02
442,Pieris_rapae,Seattle_WA,1999,35C.M13.1,13,1,35,36466,306,61.92,163.72,163.72,173.61,yes,5th,31.38333333,15.22,20.46,5.4,9.89
443,Pieris_rapae,Seattle_WA,1999,35C.M13.1,13,1,35,36467,307,61.92,173.61,173.61,165.7,yes,5th,54.15,20.46,19.32,22.76666667,-7.91
444,Pieris_rapae,Seattle_WA,1999,35C.M13.1,13,1,35,36468,308,61.92,165.7,165.7,124.84,yes,5th,78,19.32,19.23,23.85,-40.86
445,Pieris_rapae,Seattle_WA,1999,35C.M13.2,13,2,35,36465,305,52.1,52.1,52.1,52.1,yes,5th,0,13.23,13.23,0,0
446,Pieris_rapae,Seattle_WA,1999,35C.M13.2,13,2,35,36465,305,52.1,52.1,52.1,75.19,yes,5th,5.65,13.23,19.02,5.65,23.09
447,Pieris_rapae,Seattle_WA,1999,35C.M13.2,13,2,35,36466,306,52.1,75.19,75.19,111.72,yes,5th,25.98333333,19.02,15.22,20.33333333,36.53
448,Pieris_rapae,Seattle_WA,1999,35C.M13.2,13,2,35,36466,306,52.1,111.72,111.72,140.54,yes,5th,31.38333333,15.22,20.46,5.4,28.82
449,Pieris_rapae,Seattle_WA,1999,35C.M13.2,13,2,35,36467,307,52.1,140.54,140.54,109.64,yes,5th,54.15,20.46,19.32,22.76666667,-30.9
450,Pieris_rapae,Seattle_WA,1999,35C.M13.2,13,2,35,36468,308,52.1,109.64,109.64,94.82,yes,5th,78,19.32,19.23,23.85,-14.82
451,Pieris_rapae,Seattle_WA,1999,35C.M13.3,13,3,35,36465,305,44.87,44.87,44.87,44.87,yes,5th,0,13.23,13.23,0,0
452,Pieris_rapae,Seattle_WA,1999,35C.M13.3,13,3,35,36465,305,44.87,44.87,44.87,69.78,yes,5th,5.65,13.23,19.02,5.65,24.91
453,Pieris_rapae,Seattle_WA,1999,35C.M13.3,13,3,35,36466,306,44.87,69.78,69.78,142.73,yes,5th,25.98333333,19.02,15.22,20.33333333,72.95
454,Pieris_rapae,Seattle_WA,1999,35C.M13.3,13,3,35,36466,306,44.87,142.73,142.73,171.78,yes,5th,31.38333333,15.22,20.46,5.4,29.05
455,Pieris_rapae,Seattle_WA,1999,35C.M13.3,13,3,35,36467,307,44.87,171.78,171.78,154.16,yes,5th,54.15,20.46,19.32,22.76666667,-17.62
456,Pieris_rapae,Seattle_WA,1999,35C.M13.3,13,3,35,36468,308,44.87,154.16,154.16,120.02,yes,5th,78,19.32,19.23,23.85,-34.14
457,Pieris_rapae,Seattle_WA,1999,35C.M15.1,15,1,35,36465,305,61.75,61.75,61.75,61.75,yes,5th,0,13.23,13.23,0,0
458,Pieris_rapae,Seattle_WA,1999,35C.M15.1,15,1,35,36465,305,61.75,61.75,61.75,72.87,yes,5th,5.65,13.23,19.02,5.65,11.12
459,Pieris_rapae,Seattle_WA,1999,35C.M15.1,15,1,35,36466,306,61.75,72.87,72.87,62.6,no,5th,25.98333333,19.02,15.22,20.33333333,-10.27
460,Pieris_rapae,Seattle_WA,1999,35C.M15.1,15,1,35,36466,306,61.75,62.6,62.6,59.55,no,5th,31.38333333,15.22,20.46,5.4,-3.05
461,Pieris_rapae,Seattle_WA,1999,35C.M15.1,15,1,35,36467,307,61.75,59.55,59.55,NA,no,5th,54.15,20.46,19.32,22.76666667,NA
462,Pieris_rapae,Seattle_WA,1999,35C.M15.1,15,1,35,36468,308,61.75,NA,NA,NA,no,5th,78,19.32,19.23,23.85,NA
463,Pieris_rapae,Seattle_WA,1999,35C.M15.2,15,2,35,36465,305,55.06,55.06,55.06,55.06,yes,5th,0,13.23,13.23,0,0
464,Pieris_rapae,Seattle_WA,1999,35C.M15.2,15,2,35,36465,305,55.06,55.06,55.06,65.65,yes,5th,5.65,13.23,19.02,5.65,10.59
465,Pieris_rapae,Seattle_WA,1999,35C.M15.2,15,2,35,36466,306,55.06,65.65,65.65,66.28,yes,5th,25.98333333,19.02,15.22,20.33333333,0.63
466,Pieris_rapae,Seattle_WA,1999,35C.M15.2,15,2,35,36466,306,55.06,66.28,66.28,63.16,no,5th,31.38333333,15.22,20.46,5.4,-3.12
467,Pieris_rapae,Seattle_WA,1999,35C.M15.2,15,2,35,36467,307,55.06,63.16,63.16,NA,no,5th,54.15,20.46,19.32,22.76666667,NA
468,Pieris_rapae,Seattle_WA,1999,35C.M15.2,15,2,35,36468,308,55.06,NA,NA,NA,no,5th,78,19.32,19.23,23.85,NA
469,Pieris_rapae,Seattle_WA,1999,35C.M15.3,15,3,35,36465,305,51.94,51.94,51.94,51.94,yes,5th,0,13.23,13.23,0,0
470,Pieris_rapae,Seattle_WA,1999,35C.M15.3,15,3,35,36465,305,51.94,51.94,51.94,72.17,yes,5th,5.65,13.23,19.02,5.65,20.23
471,Pieris_rapae,Seattle_WA,1999,35C.M15.3,15,3,35,36466,306,51.94,72.17,72.17,112.76,yes,5th,25.98333333,19.02,15.22,20.33333333,40.59
472,Pieris_rapae,Seattle_WA,1999,35C.M15.3,15,3,35,36466,306,51.94,112.76,112.76,136.62,yes,5th,31.38333333,15.22,20.46,5.4,23.86
473,Pieris_rapae,Seattle_WA,1999,35C.M15.3,15,3,35,36467,307,51.94,136.62,136.62,146.82,yes,5th,54.15,20.46,19.32,22.76666667,10.2
474,Pieris_rapae,Seattle_WA,1999,35C.M15.3,15,3,35,36468,308,51.94,146.82,146.82,138.71,yes,5th,78,19.32,19.23,23.85,-8.11
475,Pieris_rapae,Seattle_WA,1999,35C.M15.4,15,4,35,36465,305,54.2,54.2,54.2,54.2,yes,5th,0,13.23,13.23,0,0
476,Pieris_rapae,Seattle_WA,1999,35C.M15.4,15,4,35,36465,305,54.2,54.2,54.2,73.48,yes,5th,5.65,13.23,19.02,5.65,19.28
477,Pieris_rapae,Seattle_WA,1999,35C.M15.4,15,4,35,36466,306,54.2,73.48,73.48,77.93,yes,5th,25.98333333,19.02,15.22,20.33333333,4.45
478,Pieris_rapae,Seattle_WA,1999,35C.M15.4,15,4,35,36466,306,54.2,77.93,77.93,75.51,no,5th,31.38333333,15.22,20.46,5.4,-2.42
479,Pieris_rapae,Seattle_WA,1999,35C.M15.4,15,4,35,36467,307,54.2,75.51,75.51,NA,no,5th,54.15,20.46,19.32,22.76666667,NA
480,Pieris_rapae,Seattle_WA,1999,35C.M15.4,15,4,35,36468,308,54.2,NA,NA,NA,no,5th,78,19.32,19.23,23.85,NA
481,Pieris_rapae,Seattle_WA,1999,35C.M15.5,15,5,35,36465,305,54.91,54.91,54.91,54.91,yes,5th,0,13.23,13.23,0,0
482,Pieris_rapae,Seattle_WA,1999,35C.M15.5,15,5,35,36465,305,54.91,54.91,54.91,59.42,yes,5th,5.65,13.23,19.02,5.65,4.51
483,Pieris_rapae,Seattle_WA,1999,35C.M15.5,15,5,35,36466,306,54.91,59.42,59.42,53.86,yes,5th,25.98333333,19.02,15.22,20.33333333,-5.56
484,Pieris_rapae,Seattle_WA,1999,35C.M15.5,15,5,35,36466,306,54.91,53.86,53.86,44.66,no,5th,31.38333333,15.22,20.46,5.4,-9.2
485,Pieris_rapae,Seattle_WA,1999,35C.M15.5,15,5,35,36467,307,54.91,44.66,44.66,NA,no,5th,54.15,20.46,19.32,22.76666667,NA
486,Pieris_rapae,Seattle_WA,1999,35C.M15.5,15,5,35,36468,308,54.91,NA,NA,NA,no,5th,78,19.32,19.23,23.85,NA
487,Pieris_rapae,Seattle_WA,1999,35C.M16.1,16,1,35,36465,305,57.34,57.34,57.34,57.34,yes,5th,0,13.23,13.23,0,0
488,Pieris_rapae,Seattle_WA,1999,35C.M16.1,16,1,35,36465,305,57.34,57.34,57.34,75.93,yes,5th,5.65,13.23,19.02,5.65,18.59
489,Pieris_rapae,Seattle_WA,1999,35C.M16.1,16,1,35,36466,306,57.34,75.93,75.93,158.23,yes,5th,25.98333333,19.02,15.22,20.33333333,82.3
490,Pieris_rapae,Seattle_WA,1999,35C.M16.1,16,1,35,36466,306,57.34,158.23,158.23,192.47,yes,5th,31.38333333,15.22,20.46,5.4,34.24
491,Pieris_rapae,Seattle_WA,1999,35C.M16.1,16,1,35,36467,307,57.34,192.47,192.47,170.04,yes,5th,54.15,20.46,19.32,22.76666667,-22.43
492,Pieris_rapae,Seattle_WA,1999,35C.M16.1,16,1,35,36468,308,57.34,170.04,170.04,136.8,no,5th,78,19.32,19.23,23.85,-33.24
493,Pieris_rapae,Seattle_WA,1999,35C.M16.2,16,2,35,36465,305,48.55,48.55,48.55,48.55,yes,5th,0,13.23,13.23,0,0
494,Pieris_rapae,Seattle_WA,1999,35C.M16.2,16,2,35,36465,305,48.55,48.55,48.55,75.9,yes,5th,5.65,13.23,19.02,5.65,27.35
495,Pieris_rapae,Seattle_WA,1999,35C.M16.2,16,2,35,36466,306,48.55,75.9,75.9,192.86,yes,5th,25.98333333,19.02,15.22,20.33333333,116.96
496,Pieris_rapae,Seattle_WA,1999,35C.M16.2,16,2,35,36466,306,48.55,192.86,192.86,217.76,yes,5th,31.38333333,15.22,20.46,5.4,24.9
497,Pieris_rapae,Seattle_WA,1999,35C.M16.2,16,2,35,36467,307,48.55,217.76,217.76,195.3,yes,5th,54.15,20.46,19.32,22.76666667,-22.46
498,Pieris_rapae,Seattle_WA,1999,35C.M16.2,16,2,35,36468,308,48.55,195.3,195.3,NA,no,P,78,19.32,19.23,23.85,NA
499,Pieris_rapae,Seattle_WA,1999,35C.M3.1,3,1,35,36465,305,57.85,57.85,57.85,57.85,yes,5th,0,13.23,13.23,0,0
500,Pieris_rapae,Seattle_WA,1999,35C.M3.1,3,1,35,36465,305,57.85,57.85,57.85,77.81,yes,5th,5.65,13.23,19.02,5.65,19.96
501,Pieris_rapae,Seattle_WA,1999,35C.M3.1,3,1,35,36466,306,57.85,77.81,77.81,147.68,yes,5th,25.98333333,19.02,15.22,20.33333333,69.87
502,Pieris_rapae,Seattle_WA,1999,35C.M3.1,3,1,35,36466,306,57.85,147.68,147.68,166.82,yes,5th,31.38333333,15.22,20.46,5.4,19.14
503,Pieris_rapae,Seattle_WA,1999,35C.M3.1,3,1,35,36467,307,57.85,166.82,166.82,189.13,yes,5th,54.15,20.46,19.32,22.76666667,22.31
504,Pieris_rapae,Seattle_WA,1999,35C.M3.1,3,1,35,36468,308,57.85,189.13,189.13,139.41,yes,5th,78,19.32,19.23,23.85,-49.72
505,Pieris_rapae,Seattle_WA,1999,35C.M3.2,3,2,35,36465,305,46.04,46.04,46.04,46.04,yes,5th,0,13.23,13.23,0,0
506,Pieris_rapae,Seattle_WA,1999,35C.M3.2,3,2,35,36465,305,46.04,46.04,46.04,74.87,yes,5th,5.65,13.23,19.02,5.65,28.83
507,Pieris_rapae,Seattle_WA,1999,35C.M3.2,3,2,35,36466,306,46.04,74.87,74.87,141.68,yes,5th,25.98333333,19.02,15.22,20.33333333,66.81
508,Pieris_rapae,Seattle_WA,1999,35C.M3.2,3,2,35,36466,306,46.04,141.68,141.68,161.55,yes,5th,31.38333333,15.22,20.46,5.4,19.87
509,Pieris_rapae,Seattle_WA,1999,35C.M3.2,3,2,35,36467,307,46.04,161.55,161.55,159.64,yes,5th,54.15,20.46,19.32,22.76666667,-1.91
510,Pieris_rapae,Seattle_WA,1999,35C.M3.2,3,2,35,36468,308,46.04,159.64,159.64,114.97,yes,5th,78,19.32,19.23,23.85,-44.67
511,Pieris_rapae,Seattle_WA,1999,35C.M3.3,3,3,35,36465,305,42.27,42.27,42.27,42.27,yes,5th,0,13.23,13.23,0,0
512,Pieris_rapae,Seattle_WA,1999,35C.M3.3,3,3,35,36465,305,42.27,42.27,42.27,57.83,yes,5th,5.65,13.23,19.02,5.65,15.56
513,Pieris_rapae,Seattle_WA,1999,35C.M3.3,3,3,35,36466,306,42.27,57.83,57.83,106.54,yes,5th,25.98333333,19.02,15.22,20.33333333,48.71
514,Pieris_rapae,Seattle_WA,1999,35C.M3.3,3,3,35,36466,306,42.27,106.54,106.54,131.37,yes,5th,31.38333333,15.22,20.46,5.4,24.83
515,Pieris_rapae,Seattle_WA,1999,35C.M3.3,3,3,35,36467,307,42.27,131.37,131.37,133,yes,5th,54.15,20.46,19.32,22.76666667,1.63
516,Pieris_rapae,Seattle_WA,1999,35C.M3.3,3,3,35,36468,308,42.27,133,133,115.07,yes,5th,78,19.32,19.23,23.85,-17.93
517,Pieris_rapae,Seattle_WA,1999,35C.M8.1,8,1,35,36465,305,54.05,54.05,54.05,54.05,yes,5th,0,13.23,13.23,0,0
518,Pieris_rapae,Seattle_WA,1999,35C.M8.1,8,1,35,36465,305,54.05,54.05,54.05,70.76,yes,5th,5.65,13.23,19.02,5.65,16.71
519,Pieris_rapae,Seattle_WA,1999,35C.M8.1,8,1,35,36466,306,54.05,70.76,70.76,123.27,yes,5th,25.98333333,19.02,15.22,20.33333333,52.51
520,Pieris_rapae,Seattle_WA,1999,35C.M8.1,8,1,35,36466,306,54.05,123.27,123.27,145.81,yes,5th,31.38333333,15.22,20.46,5.4,22.54
521,Pieris_rapae,Seattle_WA,1999,35C.M8.1,8,1,35,36467,307,54.05,145.81,145.81,142.69,yes,5th,54.15,20.46,19.32,22.76666667,-3.12
522,Pieris_rapae,Seattle_WA,1999,35C.M8.1,8,1,35,36468,308,54.05,142.69,142.69,106.97,yes,5th,78,19.32,19.23,23.85,-35.72
523,Pieris_rapae,Seattle_WA,1999,35C.M8.2,8,2,35,36465,305,54.55,54.55,54.55,54.55,yes,5th,0,13.23,13.23,0,0
524,Pieris_rapae,Seattle_WA,1999,35C.M8.2,8,2,35,36465,305,54.55,54.55,54.55,71.46,yes,5th,5.65,13.23,19.02,5.65,16.91
525,Pieris_rapae,Seattle_WA,1999,35C.M8.2,8,2,35,36466,306,54.55,71.46,71.46,105.19,yes,5th,25.98333333,19.02,15.22,20.33333333,33.73
526,Pieris_rapae,Seattle_WA,1999,35C.M8.2,8,2,35,36466,306,54.55,105.19,105.19,111.38,yes,5th,31.38333333,15.22,20.46,5.4,6.19
527,Pieris_rapae,Seattle_WA,1999,35C.M8.2,8,2,35,36467,307,54.55,111.38,111.38,112.15,yes,5th,54.15,20.46,19.32,22.76666667,0.77
528,Pieris_rapae,Seattle_WA,1999,35C.M8.2,8,2,35,36468,308,54.55,112.15,112.15,92.01,yes,5th,78,19.32,19.23,23.85,-20.14
529,Pieris_rapae,Seattle_WA,1999,35C.M8.3,8,3,35,36465,305,61.69,61.69,61.69,61.69,yes,5th,0,13.23,13.23,0,0
530,Pieris_rapae,Seattle_WA,1999,35C.M8.3,8,3,35,36465,305,61.69,61.69,61.69,94.2,yes,5th,5.65,13.23,19.02,5.65,32.51
531,Pieris_rapae,Seattle_WA,1999,35C.M8.3,8,3,35,36466,306,61.69,94.2,94.2,146.65,yes,5th,25.98333333,19.02,15.22,20.33333333,52.45
532,Pieris_rapae,Seattle_WA,1999,35C.M8.3,8,3,35,36466,306,61.69,146.65,146.65,146.45,yes,5th,31.38333333,15.22,20.46,5.4,-0.2
533,Pieris_rapae,Seattle_WA,1999,35C.M8.3,8,3,35,36467,307,61.69,146.45,146.45,148.92,yes,5th,54.15,20.46,19.32,22.76666667,2.47
534,Pieris_rapae,Seattle_WA,1999,35C.M8.3,8,3,35,36468,308,61.69,148.92,148.92,135.65,yes,5th,78,19.32,19.23,23.85,-13.27
535,Pieris_rapae,Seattle_WA,1999,40C.M1.1,1,1,40,36369,209,50.31,50.31,50.31,50.31,yes,5th,0,12.04,12.04,0,0
536,Pieris_rapae,Seattle_WA,1999,40C.M1.1,1,1,40,36370,210,50.31,50.31,50.31,29.35,no,5th,24.41666667,12.04,12.29,24.41666667,-20.96
537,Pieris_rapae,Seattle_WA,1999,40C.M10.1,10,1,40,36369,209,37.57,37.57,37.57,37.57,yes,5th,0,12.04,12.04,0,0
538,Pieris_rapae,Seattle_WA,1999,40C.M10.1,10,1,40,36370,210,37.57,37.57,37.57,25.38,no,5th,24.41666667,12.04,12.29,24.41666667,-12.19
539,Pieris_rapae,Seattle_WA,1999,40C.M12.1,12,1,40,36369,209,48.23,48.23,48.23,48.23,yes,5th,0,12.04,12.04,0,0
540,Pieris_rapae,Seattle_WA,1999,40C.M12.1,12,1,40,36370,210,48.23,48.23,48.23,37.99,no,5th,24.41666667,12.04,12.29,24.41666667,-10.24
541,Pieris_rapae,Seattle_WA,1999,40C.M12.2,12,2,40,36369,209,45.65,45.65,45.65,45.65,yes,5th,0,12.04,12.04,0,0
542,Pieris_rapae,Seattle_WA,1999,40C.M12.2,12,2,40,36370,210,45.65,45.65,45.65,57.79,yes,5th,24.41666667,12.04,12.29,24.41666667,12.14
543,Pieris_rapae,Seattle_WA,1999,40C.M12.3,12,3,40,36369,209,50.64,50.64,50.64,50.64,yes,5th,0,12.04,12.04,0,0
544,Pieris_rapae,Seattle_WA,1999,40C.M12.3,12,3,40,36370,210,50.64,50.64,50.64,60.04,yes,5th,24.41666667,12.04,12.29,24.41666667,9.4
545,Pieris_rapae,Seattle_WA,1999,40C.M18.1,18,1,40,36369,209,50.66,50.66,50.66,50.66,yes,5th,0,12.04,12.04,0,0
546,Pieris_rapae,Seattle_WA,1999,40C.M18.1,18,1,40,36370,210,50.66,50.66,50.66,52.91,yes,5th,24.41666667,12.04,12.29,24.41666667,2.25
547,Pieris_rapae,Seattle_WA,1999,40C.M18.2,18,2,40,36369,209,53.8,53.8,53.8,53.8,yes,5th,0,12.04,12.04,0,0
548,Pieris_rapae,Seattle_WA,1999,40C.M18.2,18,2,40,36370,210,53.8,53.8,53.8,61.5,yes,5th,24.41666667,12.04,12.29,24.41666667,7.7
549,Pieris_rapae,Seattle_WA,1999,40C.M19.1,19,1,40,36369,209,45,45,45,45,yes,5th,0,12.04,12.04,0,0
550,Pieris_rapae,Seattle_WA,1999,40C.M19.1,19,1,40,36370,210,45,45,45,29.04,no,5th,24.41666667,12.04,12.29,24.41666667,-15.96
551,Pieris_rapae,Seattle_WA,1999,40C.M2.1,2,1,40,36369,209,41.55,41.55,41.55,41.55,yes,5th,0,12.04,12.04,0,0
552,Pieris_rapae,Seattle_WA,1999,40C.M2.1,2,1,40,36370,210,41.55,41.55,41.55,38.33,yes,5th,24.41666667,12.04,12.29,24.41666667,-3.22
553,Pieris_rapae,Seattle_WA,1999,40C.M20.1,20,1,40,36369,209,48.08,48.08,48.08,48.08,yes,5th,0,12.04,12.04,0,0
554,Pieris_rapae,Seattle_WA,1999,40C.M20.1,20,1,40,36370,210,48.08,48.08,48.08,34.07,no,5th,24.41666667,12.04,12.29,24.41666667,-14.01
555,Pieris_rapae,Seattle_WA,1999,40C.M23.1,23,1,40,36369,209,43.7,43.7,43.7,43.7,yes,5th,0,12.04,12.04,0,0
556,Pieris_rapae,Seattle_WA,1999,40C.M23.1,23,1,40,36370,210,43.7,43.7,43.7,44.37,yes,5th,24.41666667,12.04,12.29,24.41666667,0.67
557,Pieris_rapae,Seattle_WA,1999,40C.M27.1,27,1,40,36369,209,38.91,38.91,38.91,38.91,yes,5th,0,12.04,12.04,0,0
558,Pieris_rapae,Seattle_WA,1999,40C.M27.1,27,1,40,36370,210,38.91,38.91,38.91,4.58,no,5th,24.41666667,12.04,12.29,24.41666667,-34.33
559,Pieris_rapae,Seattle_WA,1999,40C.M3.1,3,1,40,36369,209,47.26,47.26,47.26,47.26,yes,5th,0,12.04,12.04,0,0
560,Pieris_rapae,Seattle_WA,1999,40C.M3.1,3,1,40,36370,210,47.26,47.26,47.26,52.63,no,5th,24.41666667,12.04,12.29,24.41666667,5.37
561,Pieris_rapae,Seattle_WA,1999,40C.M31.1,31,1,40,36369,209,42.84,42.84,42.84,42.84,yes,5th,0,12.04,12.04,0,0
562,Pieris_rapae,Seattle_WA,1999,40C.M31.1,31,1,40,36370,210,42.84,42.84,42.84,51.02,yes,5th,24.41666667,12.04,12.29,24.41666667,8.18
563,Pieris_rapae,Seattle_WA,1999,40C.M31.2,31,2,40,36369,209,46.56,46.56,46.56,46.56,yes,5th,0,12.04,12.04,0,0
564,Pieris_rapae,Seattle_WA,1999,40C.M31.2,31,2,40,36370,210,46.56,46.56,46.56,47.39,yes,5th,24.41666667,12.04,12.29,24.41666667,0.83
565,Pieris_rapae,Seattle_WA,1999,40C.M6.1,6,1,40,36369,209,44.28,44.28,44.28,44.28,yes,5th,0,12.04,12.04,0,0
566,Pieris_rapae,Seattle_WA,1999,40C.M6.1,6,1,40,36370,210,44.28,44.28,44.28,50.12,yes,5th,24.41666667,12.04,12.29,24.41666667,5.84
567,Pieris_rapae,Seattle_WA,1999,40C.M7.1,7,1,40,36369,209,44.42,44.42,44.42,44.42,yes,5th,0,12.04,12.04,0,0
568,Pieris_rapae,Seattle_WA,1999,40C.M7.1,7,1,40,36370,210,44.42,44.42,44.42,11.53,no,5th,24.41666667,12.04,12.29,24.41666667,-32.89
569,Pieris_rapae,Seattle_WA,1999,40C.M9.1,9,1,40,36369,209,53.05,53.05,53.05,53.05,yes,5th,0,12.04,12.04,0,0
570,Pieris_rapae,Seattle_WA,1999,40C.M9.1,9,1,40,36370,210,53.05,53.05,53.05,65.55,yes,5th,24.41666667,12.04,12.29,24.41666667,12.5
571,Pieris_rapae,Seattle_WA,1999,40C.M9.2,9,2,40,36369,209,45.79,45.79,45.79,45.79,yes,5th,0,12.04,12.04,0,0
572,Pieris_rapae,Seattle_WA,1999,40C.M9.2,9,2,40,36370,210,45.79,45.79,45.79,36.6,no,5th,24.41666667,12.04,12.29,24.41666667,-9.19
573,Pieris_rapae,Seattle_WA,1999,40C.M9.3,9,3,40,36369,209,51.91,51.91,51.91,51.91,yes,5th,0,12.04,12.04,0,0
574,Pieris_rapae,Seattle_WA,1999,40C.M9.3,9,3,40,36370,210,51.91,51.91,51.91,52.64,yes,5th,24.41666667,12.04,12.29,24.41666667,0.73
575,Pieris_rapae,Seattle_WA,1999,40C.M9.4,9,4,40,36369,209,38.12,38.12,38.12,38.12,yes,5th,0,12.04,12.04,0,0
576,Pieris_rapae,Seattle_WA,1999,40C.M9.4,9,4,40,36370,210,38.12,38.12,38.12,21.17,no,5th,24.41666667,12.04,12.29,24.41666667,-16.95
577,Pieris_rapae,Seattle_WA,1999,41C.M0.1,0,1,41,36509,349,44.21,44.21,44.21,44.21,yes,5th,0,11.08,11.08,0,0
578,Pieris_rapae,Seattle_WA,1999,41C.M0.1,0,1,41,36509,349,44.21,44.21,44.21,61.7,yes,5th,8.45,11.08,19.35,8.45,17.49
579,Pieris_rapae,Seattle_WA,1999,41C.M0.1,0,1,41,36510,350,44.21,61.7,61.7,65.63,yes,5th,23.91666667,19.35,11.03,15.46666667,3.93
580,Pieris_rapae,Seattle_WA,1999,41C.M0.1,0,1,41,36510,350,44.21,65.63,65.63,NA,no,5th,32.03333333,11.03,19.1,8.116666667,NA
581,Pieris_rapae,Seattle_WA,1999,41C.M0.10,0,10,41,36509,349,55.86,55.86,55.86,55.86,yes,5th,0,11.08,11.08,0,0
582,Pieris_rapae,Seattle_WA,1999,41C.M0.10,0,10,41,36509,349,55.86,55.86,55.86,46.71,no,5th,8.45,11.08,19.35,8.45,-9.15
583,Pieris_rapae,Seattle_WA,1999,41C.M0.10,0,10,41,36510,350,55.86,46.71,46.71,NA,no,5th,23.91666667,19.35,11.03,15.46666667,NA
584,Pieris_rapae,Seattle_WA,1999,41C.M0.11,0,11,41,36509,349,43.41,43.41,43.41,43.41,yes,5th,0,11.08,11.08,0,0
585,Pieris_rapae,Seattle_WA,1999,41C.M0.11,0,11,41,36509,349,43.41,43.41,43.41,38.41,yes,5th,8.45,11.08,19.35,8.45,-5
586,Pieris_rapae,Seattle_WA,1999,41C.M0.11,0,11,41,36510,350,43.41,38.41,38.41,NA,no,5th,23.91666667,19.35,11.03,15.46666667,NA
587,Pieris_rapae,Seattle_WA,1999,41C.M0.12,0,12,41,36509,349,45.79,45.79,45.79,45.79,yes,5th,0,11.08,11.08,0,0
588,Pieris_rapae,Seattle_WA,1999,41C.M0.12,0,12,41,36509,349,45.79,45.79,45.79,50.82,yes,5th,8.45,11.08,19.35,8.45,5.03
589,Pieris_rapae,Seattle_WA,1999,41C.M0.12,0,12,41,36510,350,45.79,50.82,50.82,NA,no,5th,23.91666667,19.35,11.03,15.46666667,NA
590,Pieris_rapae,Seattle_WA,1999,41C.M0.13,0,13,41,36509,349,51.48,51.48,51.48,51.48,yes,5th,0,11.08,11.08,0,0
591,Pieris_rapae,Seattle_WA,1999,41C.M0.13,0,13,41,36509,349,51.48,51.48,51.48,55.99,yes,5th,8.45,11.08,19.35,8.45,4.51
592,Pieris_rapae,Seattle_WA,1999,41C.M0.13,0,13,41,36510,350,51.48,55.99,55.99,NA,no,5th,23.91666667,19.35,11.03,15.46666667,NA
593,Pieris_rapae,Seattle_WA,1999,41C.M0.14,0,14,41,36509,349,41.88,41.88,41.88,41.88,yes,5th,0,11.08,11.08,0,0
594,Pieris_rapae,Seattle_WA,1999,41C.M0.14,0,14,41,36509,349,41.88,41.88,41.88,44.66,yes,5th,8.45,11.08,19.35,8.45,2.78
595,Pieris_rapae,Seattle_WA,1999,41C.M0.14,0,14,41,36510,350,41.88,44.66,44.66,NA,no,5th,23.91666667,19.35,11.03,15.46666667,NA
596,Pieris_rapae,Seattle_WA,1999,41C.M0.15,0,15,41,36509,349,44.98,44.98,44.98,44.98,yes,5th,0,11.08,11.08,0,0
597,Pieris_rapae,Seattle_WA,1999,41C.M0.15,0,15,41,36509,349,44.98,44.98,44.98,46.79,yes,5th,8.45,11.08,19.35,8.45,1.81
598,Pieris_rapae,Seattle_WA,1999,41C.M0.15,0,15,41,36510,350,44.98,46.79,46.79,NA,no,5th,23.91666667,19.35,11.03,15.46666667,NA
599,Pieris_rapae,Seattle_WA,1999,41C.M0.16,0,16,41,36509,349,50.73,50.73,50.73,50.73,yes,5th,0,11.08,11.08,0,0
600,Pieris_rapae,Seattle_WA,1999,41C.M0.16,0,16,41,36509,349,50.73,50.73,50.73,45.24,yes,5th,8.45,11.08,19.35,8.45,-5.49
601,Pieris_rapae,Seattle_WA,1999,41C.M0.16,0,16,41,36510,350,50.73,45.24,45.24,NA,no,5th,23.91666667,19.35,11.03,15.46666667,NA
602,Pieris_rapae,Seattle_WA,1999,41C.M0.17,0,17,41,36509,349,40.11,40.11,40.11,40.11,yes,5th,0,11.08,11.08,0,0
603,Pieris_rapae,Seattle_WA,1999,41C.M0.17,0,17,41,36509,349,40.11,40.11,40.11,37.72,no,5th,8.45,11.08,19.35,8.45,-2.39
604,Pieris_rapae,Seattle_WA,1999,41C.M0.17,0,17,41,36510,350,40.11,37.72,37.72,NA,no,5th,23.91666667,19.35,11.03,15.46666667,NA
605,Pieris_rapae,Seattle_WA,1999,41C.M0.18,0,18,41,36509,349,38.81,38.81,38.81,38.81,yes,5th,0,11.08,11.08,0,0
606,Pieris_rapae,Seattle_WA,1999,41C.M0.18,0,18,41,36509,349,38.81,38.81,38.81,48.32,yes,5th,8.45,11.08,19.35,8.45,9.51
607,Pieris_rapae,Seattle_WA,1999,41C.M0.18,0,18,41,36510,350,38.81,48.32,48.32,NA,no,5th,23.91666667,19.35,11.03,15.46666667,NA
608,Pieris_rapae,Seattle_WA,1999,41C.M0.19,0,19,41,36509,349,50.55,50.55,50.55,50.55,yes,5th,0,11.08,11.08,0,0
609,Pieris_rapae,Seattle_WA,1999,41C.M0.19,0,19,41,36509,349,50.55,50.55,50.55,42.53,yes,5th,8.45,11.08,19.35,8.45,-8.02
610,Pieris_rapae,Seattle_WA,1999,41C.M0.19,0,19,41,36510,350,50.55,42.53,42.53,NA,no,5th,23.91666667,19.35,11.03,15.46666667,NA
611,Pieris_rapae,Seattle_WA,1999,41C.M0.2,0,2,41,36509,349,50.8,50.8,50.8,50.8,yes,5th,0,11.08,11.08,0,0
612,Pieris_rapae,Seattle_WA,1999,41C.M0.2,0,2,41,36509,349,50.8,50.8,50.8,51.9,yes,5th,8.45,11.08,19.35,8.45,1.1
613,Pieris_rapae,Seattle_WA,1999,41C.M0.2,0,2,41,36510,350,50.8,51.9,51.9,NA,no,5th,23.91666667,19.35,11.03,15.46666667,NA
614,Pieris_rapae,Seattle_WA,1999,41C.M0.20,0,20,41,36509,349,48.37,48.37,48.37,48.37,yes,5th,0,11.08,11.08,0,0
615,Pieris_rapae,Seattle_WA,1999,41C.M0.20,0,20,41,36509,349,48.37,48.37,48.37,44.56,yes,5th,8.45,11.08,19.35,8.45,-3.81
616,Pieris_rapae,Seattle_WA,1999,41C.M0.20,0,20,41,36510,350,48.37,44.56,44.56,NA,no,5th,23.91666667,19.35,11.03,15.46666667,NA
617,Pieris_rapae,Seattle_WA,1999,41C.M0.3,0,3,41,36509,349,50.87,50.87,50.87,50.87,yes,5th,0,11.08,11.08,0,0
618,Pieris_rapae,Seattle_WA,1999,41C.M0.3,0,3,41,36509,349,50.87,50.87,50.87,52.88,yes,5th,8.45,11.08,19.35,8.45,2.01
619,Pieris_rapae,Seattle_WA,1999,41C.M0.3,0,3,41,36510,350,50.87,52.88,52.88,NA,no,5th,23.91666667,19.35,11.03,15.46666667,NA
620,Pieris_rapae,Seattle_WA,1999,41C.M0.4,0,4,41,36509,349,44.62,44.62,44.62,44.62,yes,5th,0,11.08,11.08,0,0
621,Pieris_rapae,Seattle_WA,1999,41C.M0.4,0,4,41,36509,349,44.62,44.62,44.62,47.53,yes,5th,8.45,11.08,19.35,8.45,2.91
622,Pieris_rapae,Seattle_WA,1999,41C.M0.4,0,4,41,36510,350,44.62,47.53,47.53,NA,no,5th,23.91666667,19.35,11.03,15.46666667,NA
623,Pieris_rapae,Seattle_WA,1999,41C.M0.5,0,5,41,36509,349,52.1,52.1,52.1,52.1,yes,5th,0,11.08,11.08,0,0
624,Pieris_rapae,Seattle_WA,1999,41C.M0.5,0,5,41,36509,349,52.1,52.1,52.1,47.69,yes,5th,8.45,11.08,19.35,8.45,-4.41
625,Pieris_rapae,Seattle_WA,1999,41C.M0.5,0,5,41,36510,350,52.1,47.69,47.69,NA,no,5th,23.91666667,19.35,11.03,15.46666667,NA
626,Pieris_rapae,Seattle_WA,1999,41C.M0.6,0,6,41,36509,349,62.66,62.66,62.66,62.66,yes,5th,0,11.08,11.08,0,0
627,Pieris_rapae,Seattle_WA,1999,41C.M0.6,0,6,41,36509,349,62.66,62.66,62.66,61.41,yes,5th,8.45,11.08,19.35,8.45,-1.25
628,Pieris_rapae,Seattle_WA,1999,41C.M0.6,0,6,41,36510,350,62.66,61.41,61.41,NA,no,5th,23.91666667,19.35,11.03,15.46666667,NA
629,Pieris_rapae,Seattle_WA,1999,41C.M0.7,0,7,41,36509,349,46.89,46.89,46.89,46.89,yes,5th,0,11.08,11.08,0,0
630,Pieris_rapae,Seattle_WA,1999,41C.M0.7,0,7,41,36509,349,46.89,46.89,46.89,49,yes,5th,8.45,11.08,19.35,8.45,2.11
631,Pieris_rapae,Seattle_WA,1999,41C.M0.7,0,7,41,36510,350,46.89,49,49,NA,no,5th,23.91666667,19.35,11.03,15.46666667,NA
632,Pieris_rapae,Seattle_WA,1999,41C.M0.8,0,8,41,36509,349,56.62,56.62,56.62,56.62,yes,5th,0,11.08,11.08,0,0
633,Pieris_rapae,Seattle_WA,1999,41C.M0.8,0,8,41,36509,349,56.62,56.62,56.62,56.73,yes,5th,8.45,11.08,19.35,8.45,0.11
634,Pieris_rapae,Seattle_WA,1999,41C.M0.8,0,8,41,36510,350,56.62,56.73,56.73,NA,no,5th,23.91666667,19.35,11.03,15.46666667,NA
635,Pieris_rapae,Seattle_WA,1999,41C.M0.9,0,9,41,36509,349,54.24,54.24,54.24,54.24,yes,5th,0,11.08,11.08,0,0
636,Pieris_rapae,Seattle_WA,1999,41C.M0.9,0,9,41,36509,349,54.24,54.24,54.24,46.51,no,5th,8.45,11.08,19.35,8.45,-7.73
637,Pieris_rapae,Seattle_WA,1999,41C.M0.9,0,9,41,36510,350,54.24,46.51,46.51,NA,no,5th,23.91666667,19.35,11.03,15.46666667,NA