Rownum,Species,Popn,Year,UniID,mom,ID,temp,date,Jdate,Mo,Mi,iw,fw,active,instar,time,t.in,t.out,duration,mgain
1,Pieris_rapae,Seattle_WA,1999,11.0.1,0,1,11,36376,216,11.45,11.45,11.45,11.45,yes,4th,0,10.05,10.05,0,0
2,Pieris_rapae,Seattle_WA,1999,11.0.1,0,1,11,36376,216,11.45,12.76,11.45,12.76,yes,4th,9.466666667,10.05,19.33,9.466666667,1.31
3,Pieris_rapae,Seattle_WA,1999,11.0.1,0,1,11,36377,217,11.45,14.19,12.76,14.19,yes,4th,24.5,19.33,10.35,15.03333333,1.43
4,Pieris_rapae,Seattle_WA,1999,11.0.1,0,1,11,36377,217,11.45,14.25,14.19,14.25,no,4th,32.21666667,10.35,18.18,7.716666667,0.06
5,Pieris_rapae,Seattle_WA,1999,11.0.1,0,1,11,36378,218,11.45,16.44,14.25,16.44,yes,4th,55.61666667,18.18,17.42,23.4,2.19
6,Pieris_rapae,Seattle_WA,1999,11.0.1,0,1,11,36379,219,11.45,19.1,16.44,19.1,yes,4th,79.41666667,17.42,17.3,23.8,2.66
7,Pieris_rapae,Seattle_WA,1999,11.0.2,0,2,11,36376,216,9.53,9.53,9.53,9.53,yes,4th,0,10.05,10.05,0,0
8,Pieris_rapae,Seattle_WA,1999,11.0.2,0,2,11,36376,216,9.53,9.97,9.53,9.97,yes,4th,9.466666667,10.05,19.33,9.466666667,0.44
9,Pieris_rapae,Seattle_WA,1999,11.0.2,0,2,11,36377,217,9.53,12.31,9.97,12.31,yes,4th,24.5,19.33,10.35,15.03333333,2.34
10,Pieris_rapae,Seattle_WA,1999,11.0.2,0,2,11,36377,217,9.53,13.16,12.31,13.16,yes,4th,32.21666667,10.35,18.18,7.716666667,0.85
11,Pieris_rapae,Seattle_WA,1999,11.0.2,0,2,11,36378,218,9.53,15.61,13.16,15.61,yes,4th,55.61666667,18.18,17.42,23.4,2.45
12,Pieris_rapae,Seattle_WA,1999,11.0.2,0,2,11,36379,219,9.53,18.04,15.61,18.04,yes,4th,79.41666667,17.42,17.3,23.8,2.43
13,Pieris_rapae,Seattle_WA,1999,11.4.1,4,1,11,36376,216,12.32,12.32,12.32,12.32,yes,4th,0,10.05,10.05,0,0
14,Pieris_rapae,Seattle_WA,1999,11.4.1,4,1,11,36376,216,12.32,13.79,12.32,13.79,yes,4th,9.466666667,10.05,19.33,9.466666667,1.47
15,Pieris_rapae,Seattle_WA,1999,11.4.1,4,1,11,36377,217,12.32,15.47,13.79,15.47,yes,4th,24.5,19.33,10.35,15.03333333,1.68
16,Pieris_rapae,Seattle_WA,1999,11.4.1,4,1,11,36377,217,12.32,15.71,15.47,15.71,yes,4th,32.21666667,10.35,18.18,7.716666667,0.24
17,Pieris_rapae,Seattle_WA,1999,11.4.1,4,1,11,36378,218,12.32,17.5,15.71,17.5,yes,4th,55.61666667,18.18,17.42,23.4,1.79
18,Pieris_rapae,Seattle_WA,1999,11.4.1,4,1,11,36379,219,12.32,20.15,17.5,20.15,yes,4th,79.41666667,17.42,17.3,23.8,2.65
19,Pieris_rapae,Seattle_WA,1999,11.4.11,4,11,11,36376,216,10.42,10.42,10.42,10.42,yes,4th,0,10.05,10.05,0,0
20,Pieris_rapae,Seattle_WA,1999,11.4.11,4,11,11,36376,216,10.42,12.17,10.42,12.17,yes,4th,9.466666667,10.05,19.33,9.466666667,1.75
21,Pieris_rapae,Seattle_WA,1999,11.4.11,4,11,11,36377,217,10.42,15.05,12.17,15.05,yes,4th,24.5,19.33,10.35,15.03333333,2.88
22,Pieris_rapae,Seattle_WA,1999,11.4.11,4,11,11,36377,217,10.42,15.35,15.05,15.35,yes,4th,32.21666667,10.35,18.18,7.716666667,0.3
23,Pieris_rapae,Seattle_WA,1999,11.4.11,4,11,11,36378,218,10.42,17.1,15.35,17.1,yes,4th,55.61666667,18.18,17.42,23.4,1.75
24,Pieris_rapae,Seattle_WA,1999,11.4.11,4,11,11,36379,219,10.42,21.63,17.1,21.63,yes,4th,79.41666667,17.42,17.3,23.8,4.53
25,Pieris_rapae,Seattle_WA,1999,11.8.1,8,1,11,36376,216,10.28,10.28,10.28,10.28,yes,4th,0,10.05,10.05,0,0
26,Pieris_rapae,Seattle_WA,1999,11.8.1,8,1,11,36376,216,10.28,10.24,10.28,10.24,no,4th,9.466666667,10.05,19.33,9.466666667,-0.04
27,Pieris_rapae,Seattle_WA,1999,11.8.1,8,1,11,36377,217,10.28,11.8,10.24,11.8,yes,4th,24.5,19.33,10.35,15.03333333,1.56
28,Pieris_rapae,Seattle_WA,1999,11.8.1,8,1,11,36377,217,10.28,12.8,11.8,12.8,yes,4th,32.21666667,10.35,18.18,7.716666667,1
29,Pieris_rapae,Seattle_WA,1999,11.8.1,8,1,11,36378,218,10.28,13.71,12.8,13.71,yes,4th,55.61666667,18.18,17.42,23.4,0.91
30,Pieris_rapae,Seattle_WA,1999,11.8.1,8,1,11,36379,219,10.28,16.86,13.71,16.86,yes,4th,79.41666667,17.42,17.3,23.8,3.15
31,Pieris_rapae,Seattle_WA,1999,11.21.1,21,1,11,36376,216,9.87,9.87,9.87,9.87,yes,4th,0,10.05,10.05,0,0
32,Pieris_rapae,Seattle_WA,1999,11.21.1,21,1,11,36376,216,9.87,10.86,9.87,10.86,yes,4th,9.466666667,10.05,19.33,9.466666667,0.99
33,Pieris_rapae,Seattle_WA,1999,11.21.1,21,1,11,36377,217,9.87,13.36,10.86,13.36,yes,4th,24.5,19.33,10.35,15.03333333,2.5
34,Pieris_rapae,Seattle_WA,1999,11.21.1,21,1,11,36377,217,9.87,13.8,13.36,13.8,yes,4th,32.21666667,10.35,18.18,7.716666667,0.44
35,Pieris_rapae,Seattle_WA,1999,11.21.1,21,1,11,36378,218,9.87,15.49,13.8,15.49,yes,4th,55.61666667,18.18,17.42,23.4,1.69
36,Pieris_rapae,Seattle_WA,1999,11.21.1,21,1,11,36379,219,9.87,17.71,15.49,17.71,yes,4th,79.41666667,17.42,17.3,23.8,2.22
37,Pieris_rapae,Seattle_WA,1999,11.21.2,21,2,11,36376,216,13.14,13.14,13.14,13.14,yes,4th,0,10.05,10.05,0,0
38,Pieris_rapae,Seattle_WA,1999,11.21.2,21,2,11,36376,216,13.14,14.09,13.14,14.09,yes,4th,9.466666667,10.05,19.33,9.466666667,0.95
39,Pieris_rapae,Seattle_WA,1999,11.21.2,21,2,11,36377,217,13.14,16.08,14.09,16.08,yes,4th,24.5,19.33,10.35,15.03333333,1.99
40,Pieris_rapae,Seattle_WA,1999,11.21.2,21,2,11,36377,217,13.14,18.3,16.08,18.3,yes,4th,32.21666667,10.35,18.18,7.716666667,2.22
41,Pieris_rapae,Seattle_WA,1999,11.21.2,21,2,11,36378,218,13.14,19.95,18.3,19.95,yes,4th,55.61666667,18.18,17.42,23.4,1.65
42,Pieris_rapae,Seattle_WA,1999,11.21.2,21,2,11,36379,219,13.14,23.32,19.95,23.32,yes,4th,79.41666667,17.42,17.3,23.8,3.37
43,Pieris_rapae,Seattle_WA,1999,11.21.3,21,3,11,36376,216,11.22,11.22,11.22,11.22,yes,4th,0,10.05,10.05,0,0
44,Pieris_rapae,Seattle_WA,1999,11.21.3,21,3,11,36376,216,11.22,13.03,11.22,13.03,yes,4th,9.466666667,10.05,19.33,9.466666667,1.81
45,Pieris_rapae,Seattle_WA,1999,11.21.3,21,3,11,36377,217,11.22,16.49,13.03,16.49,yes,4th,24.5,19.33,10.35,15.03333333,3.46
46,Pieris_rapae,Seattle_WA,1999,11.21.3,21,3,11,36377,217,11.22,17.28,16.49,17.28,yes,4th,32.21666667,10.35,18.18,7.716666667,0.79
47,Pieris_rapae,Seattle_WA,1999,11.21.3,21,3,11,36378,218,11.22,20.23,17.28,20.23,yes,4th,55.61666667,18.18,17.42,23.4,2.95
48,Pieris_rapae,Seattle_WA,1999,11.21.3,21,3,11,36379,219,11.22,22.07,20.23,22.07,yes,4th,79.41666667,17.42,17.3,23.8,1.84
49,Pieris_rapae,Seattle_WA,1999,11.21.4,21,4,11,36376,216,13.22,13.22,13.22,13.22,yes,4th,0,10.05,10.05,0,0
50,Pieris_rapae,Seattle_WA,1999,11.21.4,21,4,11,36376,216,13.22,14.37,13.22,14.37,yes,4th,9.466666667,10.05,19.33,9.466666667,1.15
51,Pieris_rapae,Seattle_WA,1999,11.21.4,21,4,11,36377,217,13.22,17.97,14.37,17.97,yes,4th,24.5,19.33,10.35,15.03333333,3.6
52,Pieris_rapae,Seattle_WA,1999,11.21.4,21,4,11,36377,217,13.22,18.69,17.97,18.69,yes,4th,32.21666667,10.35,18.18,7.716666667,0.72
53,Pieris_rapae,Seattle_WA,1999,11.21.4,21,4,11,36378,218,13.22,20.02,18.69,20.02,yes,4th,55.61666667,18.18,17.42,23.4,1.33
54,Pieris_rapae,Seattle_WA,1999,11.21.4,21,4,11,36379,219,13.22,24.73,20.02,24.73,yes,4th,79.41666667,17.42,17.3,23.8,4.71
55,Pieris_rapae,Seattle_WA,1999,11.21.5,21,5,11,36376,216,15.32,15.32,15.32,15.32,yes,4th,0,10.05,10.05,0,0
56,Pieris_rapae,Seattle_WA,1999,11.21.5,21,5,11,36376,216,15.32,17.83,15.32,17.83,yes,4th,9.466666667,10.05,19.33,9.466666667,2.51
57,Pieris_rapae,Seattle_WA,1999,11.21.5,21,5,11,36377,217,15.32,19.07,17.83,19.07,yes,4th,24.5,19.33,10.35,15.03333333,1.24
58,Pieris_rapae,Seattle_WA,1999,11.21.5,21,5,11,36377,217,15.32,21.6,19.07,21.6,yes,4th,32.21666667,10.35,18.18,7.716666667,2.53
59,Pieris_rapae,Seattle_WA,1999,11.21.5,21,5,11,36378,218,15.32,22.05,21.6,22.05,yes,4th,55.61666667,18.18,17.42,23.4,0.45
60,Pieris_rapae,Seattle_WA,1999,11.21.5,21,5,11,36379,219,15.32,25.25,22.05,25.25,yes,4th,79.41666667,17.42,17.3,23.8,3.2
61,Pieris_rapae,Seattle_WA,1999,11.21.6,21,6,11,36376,216,13.77,13.77,13.77,13.77,yes,4th,0,10.05,10.05,0,0
62,Pieris_rapae,Seattle_WA,1999,11.21.6,21,6,11,36376,216,13.77,16.23,13.77,16.23,yes,4th,9.466666667,10.05,19.33,9.466666667,2.46
63,Pieris_rapae,Seattle_WA,1999,11.21.6,21,6,11,36377,217,13.77,17.9,16.23,17.9,yes,4th,24.5,19.33,10.35,15.03333333,1.67
64,Pieris_rapae,Seattle_WA,1999,11.21.6,21,6,11,36377,217,13.77,19.97,17.9,19.97,yes,4th,32.21666667,10.35,18.18,7.716666667,2.07
65,Pieris_rapae,Seattle_WA,1999,11.21.6,21,6,11,36378,218,13.77,20.09,19.97,20.09,yes,4th,55.61666667,18.18,17.42,23.4,0.12
66,Pieris_rapae,Seattle_WA,1999,11.21.6,21,6,11,36379,219,13.77,23.04,20.09,23.04,yes,4th,79.41666667,17.42,17.3,23.8,2.95
67,Pieris_rapae,Seattle_WA,1999,11.21.181,21,181,11,36376,216,11.44,11.44,11.44,11.44,yes,4th,0,10.05,10.05,0,0
68,Pieris_rapae,Seattle_WA,1999,11.21.181,21,181,11,36376,216,11.44,12.65,11.44,12.65,yes,4th,9.466666667,10.05,19.33,9.466666667,1.21
69,Pieris_rapae,Seattle_WA,1999,11.21.181,21,181,11,36377,217,11.44,14.07,12.65,14.07,yes,4th,24.5,19.33,10.35,15.03333333,1.42
70,Pieris_rapae,Seattle_WA,1999,11.21.181,21,181,11,36377,217,11.44,15.29,14.07,15.29,yes,4th,32.21666667,10.35,18.18,7.716666667,1.22
71,Pieris_rapae,Seattle_WA,1999,11.21.181,21,181,11,36378,218,11.44,18.52,15.29,18.52,yes,4th,55.61666667,18.18,17.42,23.4,3.23
72,Pieris_rapae,Seattle_WA,1999,11.21.181,21,181,11,36379,219,11.44,22.05,18.52,22.05,yes,4th,79.41666667,17.42,17.3,23.8,3.53
73,Pieris_rapae,Seattle_WA,1999,11.21.182,21,182,11,36376,216,11.07,11.07,11.07,11.07,yes,4th,0,10.05,10.05,0,0
74,Pieris_rapae,Seattle_WA,1999,11.21.182,21,182,11,36376,216,11.07,11.78,11.07,11.78,yes,4th,9.466666667,10.05,19.33,9.466666667,0.71
75,Pieris_rapae,Seattle_WA,1999,11.21.182,21,182,11,36377,217,11.07,14.29,11.78,14.29,yes,4th,24.5,19.33,10.35,15.03333333,2.51
76,Pieris_rapae,Seattle_WA,1999,11.21.182,21,182,11,36377,217,11.07,15.3,14.29,15.3,yes,4th,32.21666667,10.35,18.18,7.716666667,1.01
77,Pieris_rapae,Seattle_WA,1999,11.21.182,21,182,11,36378,218,11.07,18.29,15.3,18.29,yes,4th,55.61666667,18.18,17.42,23.4,2.99
78,Pieris_rapae,Seattle_WA,1999,11.21.182,21,182,11,36379,219,11.07,20.82,18.29,20.82,yes,4th,79.41666667,17.42,17.3,23.8,2.53
79,Pieris_rapae,Seattle_WA,1999,11.21.183,21,183,11,36376,216,10.42,10.42,10.42,10.42,yes,4th,0,10.05,10.05,0,0
80,Pieris_rapae,Seattle_WA,1999,11.21.183,21,183,11,36376,216,10.42,11.57,10.42,11.57,yes,4th,9.466666667,10.05,19.33,9.466666667,1.15
81,Pieris_rapae,Seattle_WA,1999,11.21.183,21,183,11,36377,217,10.42,11.13,11.57,11.13,no,4th,24.5,19.33,10.35,15.03333333,-0.44
82,Pieris_rapae,Seattle_WA,1999,11.21.183,21,183,11,36377,217,10.42,11.13,11.13,11.13,no,4th,32.21666667,10.35,18.18,7.716666667,0
83,Pieris_rapae,Seattle_WA,1999,11.21.183,21,183,11,36378,218,10.42,11.25,11.13,11.25,no,4th,55.61666667,18.18,17.42,23.4,0.12
84,Pieris_rapae,Seattle_WA,1999,11.21.183,21,183,11,36379,219,10.42,11.06,11.25,11.06,no,4th,79.41666667,17.42,17.3,23.8,-0.19
85,Pieris_rapae,Seattle_WA,1999,11.21.184,21,184,11,36376,216,8.52,8.52,8.52,8.52,yes,4th,0,10.05,10.05,0,0
86,Pieris_rapae,Seattle_WA,1999,11.21.184,21,184,11,36376,216,8.52,8.89,8.52,8.89,yes,4th,9.466666667,10.05,19.33,9.466666667,0.37
87,Pieris_rapae,Seattle_WA,1999,11.21.184,21,184,11,36377,217,8.52,10.07,8.89,10.07,yes,4th,24.5,19.33,10.35,15.03333333,1.18
88,Pieris_rapae,Seattle_WA,1999,11.21.184,21,184,11,36377,217,8.52,10.78,10.07,10.78,yes,4th,32.21666667,10.35,18.18,7.716666667,0.71
89,Pieris_rapae,Seattle_WA,1999,11.21.184,21,184,11,36378,218,8.52,12.78,10.78,12.78,yes,4th,55.61666667,18.18,17.42,23.4,2
90,Pieris_rapae,Seattle_WA,1999,11.21.184,21,184,11,36379,219,8.52,13.83,12.78,13.83,yes,4th,79.41666667,17.42,17.3,23.8,1.05
91,Pieris_rapae,Seattle_WA,1999,11.23.9,23,9,11,36376,216,10.96,10.96,10.96,10.96,yes,4th,0,10.05,10.05,0,0
92,Pieris_rapae,Seattle_WA,1999,11.23.9,23,9,11,36376,216,10.96,11.19,10.96,11.19,no,4th,9.466666667,10.05,19.33,9.466666667,0.23
93,Pieris_rapae,Seattle_WA,1999,11.23.9,23,9,11,36377,217,10.96,11.15,11.19,11.15,no,4th,24.5,19.33,10.35,15.03333333,-0.04
94,Pieris_rapae,Seattle_WA,1999,11.23.9,23,9,11,36377,217,10.96,11.07,11.15,11.07,no,4th,32.21666667,10.35,18.18,7.716666667,-0.08
95,Pieris_rapae,Seattle_WA,1999,11.23.9,23,9,11,36378,218,10.96,11.46,11.07,11.46,yes,4th,55.61666667,18.18,17.42,23.4,0.39
96,Pieris_rapae,Seattle_WA,1999,11.23.9,23,9,11,36379,219,10.96,14.51,11.46,14.51,yes,4th,79.41666667,17.42,17.3,23.8,3.05
97,Pieris_rapae,Seattle_WA,1999,11.25.161,25,161,11,36376,216,15.85,15.85,15.85,15.85,yes,4th,0,10.05,10.05,0,0
98,Pieris_rapae,Seattle_WA,1999,11.25.161,25,161,11,36376,216,15.85,18.93,15.85,18.93,yes,4th,9.466666667,10.05,19.33,9.466666667,3.08
99,Pieris_rapae,Seattle_WA,1999,11.25.161,25,161,11,36377,217,15.85,20.21,18.93,20.21,yes,4th,24.5,19.33,10.35,15.03333333,1.28
100,Pieris_rapae,Seattle_WA,1999,11.25.161,25,161,11,36377,217,15.85,20.63,20.21,20.63,yes,4th,32.21666667,10.35,18.18,7.716666667,0.42
101,Pieris_rapae,Seattle_WA,1999,11.25.161,25,161,11,36378,218,15.85,23.53,20.63,23.53,yes,4th,55.61666667,18.18,17.42,23.4,2.9
102,Pieris_rapae,Seattle_WA,1999,11.25.161,25,161,11,36379,219,15.85,28.43,23.53,28.43,yes,4th,79.41666667,17.42,17.3,23.8,4.9
103,Pieris_rapae,Seattle_WA,1999,11.25.162,25,162,11,36376,216,14.3,14.3,14.3,14.3,yes,4th,0,10.05,10.05,0,0
104,Pieris_rapae,Seattle_WA,1999,11.25.162,25,162,11,36376,216,14.3,14.92,14.3,14.92,yes,4th,9.466666667,10.05,19.33,9.466666667,0.62
105,Pieris_rapae,Seattle_WA,1999,11.25.162,25,162,11,36377,217,14.3,16.68,14.92,16.68,yes,4th,24.5,19.33,10.35,15.03333333,1.76
106,Pieris_rapae,Seattle_WA,1999,11.25.162,25,162,11,36377,217,14.3,18.46,16.68,18.46,yes,4th,32.21666667,10.35,18.18,7.716666667,1.78
107,Pieris_rapae,Seattle_WA,1999,11.25.162,25,162,11,36378,218,14.3,22.59,18.46,22.59,yes,4th,55.61666667,18.18,17.42,23.4,4.13
108,Pieris_rapae,Seattle_WA,1999,11.25.162,25,162,11,36379,219,14.3,25.03,22.59,25.03,yes,4th,79.41666667,17.42,17.3,23.8,2.44
109,Pieris_rapae,Seattle_WA,1999,11.25.163,25,163,11,36376,216,10.54,10.54,10.54,10.54,yes,4th,0,10.05,10.05,0,0
110,Pieris_rapae,Seattle_WA,1999,11.25.163,25,163,11,36376,216,10.54,10.71,10.54,10.71,no,4th,9.466666667,10.05,19.33,9.466666667,0.17
111,Pieris_rapae,Seattle_WA,1999,11.25.163,25,163,11,36377,217,10.54,9.9,10.71,9.9,no,4th,24.5,19.33,10.35,15.03333333,-0.81
112,Pieris_rapae,Seattle_WA,1999,11.25.163,25,163,11,36377,217,10.54,10.68,9.9,10.68,yes,4th,32.21666667,10.35,18.18,7.716666667,0.78
113,Pieris_rapae,Seattle_WA,1999,11.25.163,25,163,11,36378,218,10.54,11.84,10.68,11.84,yes,4th,55.61666667,18.18,17.42,23.4,1.16
114,Pieris_rapae,Seattle_WA,1999,11.25.163,25,163,11,36379,219,10.54,14.04,11.84,14.04,yes,4th,79.41666667,17.42,17.3,23.8,2.2
115,Pieris_rapae,Seattle_WA,1999,11.25.164,25,164,11,36376,216,17.53,17.53,17.53,17.53,yes,4th,0,10.05,10.05,0,0
116,Pieris_rapae,Seattle_WA,1999,11.25.164,25,164,11,36376,216,17.53,17.14,17.53,17.14,no,4th,9.466666667,10.05,19.33,9.466666667,-0.39
117,Pieris_rapae,Seattle_WA,1999,11.25.164,25,164,11,36377,217,17.53,17.04,17.14,17.04,no,4th,24.5,19.33,10.35,15.03333333,-0.1
118,Pieris_rapae,Seattle_WA,1999,11.25.164,25,164,11,36377,217,17.53,16.73,17.04,16.73,no,4th,32.21666667,10.35,18.18,7.716666667,-0.31
119,Pieris_rapae,Seattle_WA,1999,11.25.164,25,164,11,36378,218,17.53,16.93,16.73,16.93,yes,4th,55.61666667,18.18,17.42,23.4,0.2
120,Pieris_rapae,Seattle_WA,1999,11.25.164,25,164,11,36379,219,17.53,19.71,16.93,19.71,yes,4th,79.41666667,17.42,17.3,23.8,2.78
121,Pieris_rapae,Seattle_WA,1999,11.25.165,25,165,11,36376,216,13.06,13.06,13.06,13.06,yes,4th,0,10.05,10.05,0,0
122,Pieris_rapae,Seattle_WA,1999,11.25.165,25,165,11,36376,216,13.06,12.83,13.06,12.83,no,4th,9.466666667,10.05,19.33,9.466666667,-0.23
123,Pieris_rapae,Seattle_WA,1999,11.25.165,25,165,11,36377,217,13.06,15.05,12.83,15.05,yes,4th,24.5,19.33,10.35,15.03333333,2.22
124,Pieris_rapae,Seattle_WA,1999,11.25.165,25,165,11,36377,217,13.06,15.85,15.05,15.85,yes,4th,32.21666667,10.35,18.18,7.716666667,0.8
125,Pieris_rapae,Seattle_WA,1999,11.25.165,25,165,11,36378,218,13.06,17.54,15.85,17.54,yes,4th,55.61666667,18.18,17.42,23.4,1.69
126,Pieris_rapae,Seattle_WA,1999,11.25.165,25,165,11,36379,219,13.06,19.73,17.54,19.73,yes,4th,79.41666667,17.42,17.3,23.8,2.19
127,Pieris_rapae,Seattle_WA,1999,17.4.10,4,10,17,36384,224,13.43,13.43,13.43,13.43,yes,4th,0,11.47,11.47,0,0
128,Pieris_rapae,Seattle_WA,1999,17.4.10,4,10,17,36384,224,13.43,14.29,13.43,14.29,yes,4th,6.55,11.47,18.2,6.55,0.86
129,Pieris_rapae,Seattle_WA,1999,17.4.10,4,10,17,36385,225,13.43,22.38,14.29,22.38,yes,4th,22.16666667,18.2,9.57,15.61666667,8.09
130,Pieris_rapae,Seattle_WA,1999,17.4.10,4,10,17,36385,225,13.43,27.81,22.38,27.81,yes,4th,28.91666667,9.57,16.42,6.75,5.43
131,Pieris_rapae,Seattle_WA,1999,17.4.10,4,10,17,36386,226,13.43,48.83,27.81,48.83,yes,4th,52.08333333,16.42,15.52,23.16666667,21.02
132,Pieris_rapae,Seattle_WA,1999,17.4.10,4,10,17,36387,227,13.43,45.42,48.83,45.42,no,4th,77.86666667,15.52,17.39,25.78333333,-3.41
133,Pieris_rapae,Seattle_WA,1999,17.5.1,5,1,17,36384,224,10.14,10.14,10.14,10.14,yes,4th,0,11.47,11.47,0,0
134,Pieris_rapae,Seattle_WA,1999,17.5.1,5,1,17,36384,224,10.14,12.01,10.14,12.01,yes,4th,6.55,11.47,18.2,6.55,1.87
135,Pieris_rapae,Seattle_WA,1999,17.5.1,5,1,17,36385,225,10.14,16.46,12.01,16.46,yes,4th,22.16666667,18.2,9.57,15.61666667,4.45
136,Pieris_rapae,Seattle_WA,1999,17.5.1,5,1,17,36385,225,10.14,20.14,16.46,20.14,yes,4th,28.91666667,9.57,16.42,6.75,3.68
137,Pieris_rapae,Seattle_WA,1999,17.5.1,5,1,17,36386,226,10.14,32.85,20.14,32.85,yes,4th,52.08333333,16.42,15.52,23.16666667,12.71
138,Pieris_rapae,Seattle_WA,1999,17.5.1,5,1,17,36387,227,10.14,46.41,32.85,46.41,no,4th,77.86666667,15.52,17.39,25.78333333,13.56
139,Pieris_rapae,Seattle_WA,1999,17.7.15,7,15,17,36384,224,13.2,13.2,13.2,13.2,yes,4th,0,11.47,11.47,0,0
140,Pieris_rapae,Seattle_WA,1999,17.7.15,7,15,17,36384,224,13.2,16.66,13.2,16.66,yes,4th,6.55,11.47,18.2,6.55,3.46
141,Pieris_rapae,Seattle_WA,1999,17.7.15,7,15,17,36385,225,13.2,24.45,16.66,24.45,yes,4th,22.16666667,18.2,9.57,15.61666667,7.79
142,Pieris_rapae,Seattle_WA,1999,17.7.15,7,15,17,36385,225,13.2,27.81,24.45,27.81,yes,4th,28.91666667,9.57,16.42,6.75,3.36
143,Pieris_rapae,Seattle_WA,1999,17.7.15,7,15,17,36386,226,13.2,57.8,27.81,57.8,yes,4th,52.08333333,16.42,15.52,23.16666667,29.99
144,Pieris_rapae,Seattle_WA,1999,17.7.15,7,15,17,36387,227,13.2,52.63,57.8,52.63,no,4th,77.86666667,15.52,17.39,25.78333333,-5.17
145,Pieris_rapae,Seattle_WA,1999,17.9.11,9,11,17,36384,224,13.61,13.61,13.61,13.61,yes,4th,0,11.47,11.47,0,0
146,Pieris_rapae,Seattle_WA,1999,17.9.11,9,11,17,36384,224,13.61,16.67,13.61,16.67,yes,4th,6.55,11.47,18.2,6.55,3.06
147,Pieris_rapae,Seattle_WA,1999,17.9.11,9,11,17,36385,225,13.61,25.41,16.67,25.41,yes,4th,22.16666667,18.2,9.57,15.61666667,8.74
148,Pieris_rapae,Seattle_WA,1999,17.9.11,9,11,17,36385,225,13.61,28.15,25.41,28.15,yes,4th,28.91666667,9.57,16.42,6.75,2.74
149,Pieris_rapae,Seattle_WA,1999,17.9.11,9,11,17,36386,226,13.61,37.11,28.15,37.11,yes,4th,52.08333333,16.42,15.52,23.16666667,8.96
150,Pieris_rapae,Seattle_WA,1999,17.9.11,9,11,17,36387,227,13.61,35.83,37.11,35.83,no,4th,77.86666667,15.52,17.39,25.78333333,-1.28
151,Pieris_rapae,Seattle_WA,1999,17.9.12,9,12,17,36384,224,11.29,11.29,11.29,11.29,yes,4th,0,11.47,11.47,0,0
152,Pieris_rapae,Seattle_WA,1999,17.9.12,9,12,17,36384,224,11.29,11.84,11.29,11.84,yes,4th,6.55,11.47,18.2,6.55,0.55
153,Pieris_rapae,Seattle_WA,1999,17.9.12,9,12,17,36385,225,11.29,17.34,11.84,17.34,yes,4th,22.16666667,18.2,9.57,15.61666667,5.5
154,Pieris_rapae,Seattle_WA,1999,17.9.12,9,12,17,36385,225,11.29,20.31,17.34,20.31,yes,4th,28.91666667,9.57,16.42,6.75,2.97
155,Pieris_rapae,Seattle_WA,1999,17.9.12,9,12,17,36386,226,11.29,34.7,20.31,34.7,yes,4th,52.08333333,16.42,15.52,23.16666667,14.39
156,Pieris_rapae,Seattle_WA,1999,17.9.12,9,12,17,36387,227,11.29,40.54,34.7,40.54,no,4th,77.86666667,15.52,17.39,25.78333333,5.84
157,Pieris_rapae,Seattle_WA,1999,17.9.14,9,14,17,36384,224,13.62,13.62,13.62,13.62,yes,4th,0,11.47,11.47,0,0
158,Pieris_rapae,Seattle_WA,1999,17.9.14,9,14,17,36384,224,13.62,14.69,13.62,14.69,yes,4th,6.55,11.47,18.2,6.55,1.07
159,Pieris_rapae,Seattle_WA,1999,17.9.14,9,14,17,36385,225,13.62,22.37,14.69,22.37,yes,4th,22.16666667,18.2,9.57,15.61666667,7.68
160,Pieris_rapae,Seattle_WA,1999,17.9.14,9,14,17,36385,225,13.62,27.18,22.37,27.18,yes,4th,28.91666667,9.57,16.42,6.75,4.81
161,Pieris_rapae,Seattle_WA,1999,17.9.14,9,14,17,36386,226,13.62,42.97,27.18,42.97,yes,4th,52.08333333,16.42,15.52,23.16666667,15.79
162,Pieris_rapae,Seattle_WA,1999,17.9.14,9,14,17,36387,227,13.62,40.48,42.97,40.48,no,4th,77.86666667,15.52,17.39,25.78333333,-2.49
163,Pieris_rapae,Seattle_WA,1999,17.17.8,17,8,17,36384,224,11.83,11.83,11.83,11.83,yes,4th,0,11.47,11.47,0,0
164,Pieris_rapae,Seattle_WA,1999,17.17.8,17,8,17,36384,224,11.83,12.84,11.83,12.84,yes,4th,6.55,11.47,18.2,6.55,1.01
165,Pieris_rapae,Seattle_WA,1999,17.17.8,17,8,17,36385,225,11.83,18.21,12.84,18.21,yes,4th,22.16666667,18.2,9.57,15.61666667,5.37
166,Pieris_rapae,Seattle_WA,1999,17.17.8,17,8,17,36385,225,11.83,18.43,18.21,18.43,yes,4th,28.91666667,9.57,16.42,6.75,0.22
167,Pieris_rapae,Seattle_WA,1999,17.17.8,17,8,17,36386,226,11.83,29.76,18.43,29.76,yes,4th,52.08333333,16.42,15.52,23.16666667,11.33
168,Pieris_rapae,Seattle_WA,1999,17.17.8,17,8,17,36387,227,11.83,36.19,29.76,36.19,no,4th,77.86666667,15.52,17.39,25.78333333,6.43
169,Pieris_rapae,Seattle_WA,1999,17.17.9,17,9,17,36384,224,12.85,12.85,12.85,12.85,yes,4th,0,11.47,11.47,0,0
170,Pieris_rapae,Seattle_WA,1999,17.17.9,17,9,17,36384,224,12.85,15.22,12.85,15.22,yes,4th,6.55,11.47,18.2,6.55,2.37
171,Pieris_rapae,Seattle_WA,1999,17.17.9,17,9,17,36385,225,12.85,23.73,15.22,23.73,yes,4th,22.16666667,18.2,9.57,15.61666667,8.51
172,Pieris_rapae,Seattle_WA,1999,17.17.9,17,9,17,36385,225,12.85,26.45,23.73,26.45,yes,4th,28.91666667,9.57,16.42,6.75,2.72
173,Pieris_rapae,Seattle_WA,1999,17.17.9,17,9,17,36386,226,12.85,47.4,26.45,47.4,yes,4th,52.08333333,16.42,15.52,23.16666667,20.95
174,Pieris_rapae,Seattle_WA,1999,17.17.9,17,9,17,36387,227,12.85,43.83,47.4,43.83,no,4th,77.86666667,15.52,17.39,25.78333333,-3.57
175,Pieris_rapae,Seattle_WA,1999,17.21.4,21,4,17,36384,224,15.62,15.62,15.62,15.62,yes,4th,0,11.47,11.47,0,0
176,Pieris_rapae,Seattle_WA,1999,17.21.4,21,4,17,36384,224,15.62,19.16,15.62,19.16,yes,4th,6.55,11.47,18.2,6.55,3.54
177,Pieris_rapae,Seattle_WA,1999,17.21.4,21,4,17,36385,225,15.62,27.01,19.16,27.01,yes,4th,22.16666667,18.2,9.57,15.61666667,7.85
178,Pieris_rapae,Seattle_WA,1999,17.21.4,21,4,17,36385,225,15.62,31.26,27.01,31.26,yes,4th,28.91666667,9.57,16.42,6.75,4.25
179,Pieris_rapae,Seattle_WA,1999,17.21.4,21,4,17,36386,226,15.62,54.27,31.26,54.27,yes,4th,52.08333333,16.42,15.52,23.16666667,23.01
180,Pieris_rapae,Seattle_WA,1999,17.21.4,21,4,17,36387,227,15.62,49.12,54.27,49.12,no,4th,77.86666667,15.52,17.39,25.78333333,-5.15
187,Pieris_rapae,Seattle_WA,1999,17.22.13,22,13,17,36384,224,13.21,13.21,13.21,13.21,yes,4th,0,11.47,11.47,0,0
188,Pieris_rapae,Seattle_WA,1999,17.22.13,22,13,17,36384,224,13.21,16.64,13.21,16.64,yes,4th,6.55,11.47,18.2,6.55,3.43
189,Pieris_rapae,Seattle_WA,1999,17.22.13,22,13,17,36385,225,13.21,24.63,16.64,24.63,yes,4th,22.16666667,18.2,9.57,15.61666667,7.99
190,Pieris_rapae,Seattle_WA,1999,17.22.13,22,13,17,36385,225,13.21,30.34,24.63,30.34,yes,4th,28.91666667,9.57,16.42,6.75,5.71
191,Pieris_rapae,Seattle_WA,1999,17.22.13,22,13,17,36386,226,13.21,40.43,30.34,40.43,yes,4th,52.08333333,16.42,15.52,23.16666667,10.09
192,Pieris_rapae,Seattle_WA,1999,17.22.13,22,13,17,36387,227,13.21,37.88,40.43,37.88,no,5th,77.86666667,15.52,17.39,25.78333333,-2.55
193,Pieris_rapae,Seattle_WA,1999,17.25.3,25,3,17,36384,224,11.85,11.85,11.85,11.85,yes,4th,0,11.47,11.47,0,0
194,Pieris_rapae,Seattle_WA,1999,17.25.3,25,3,17,36384,224,11.85,11.5,11.85,11.5,yes,4th,6.55,11.47,18.2,6.55,-0.35
195,Pieris_rapae,Seattle_WA,1999,17.25.3,25,3,17,36385,225,11.85,19.64,11.5,19.64,yes,4th,22.16666667,18.2,9.57,15.61666667,8.14
196,Pieris_rapae,Seattle_WA,1999,17.25.3,25,3,17,36385,225,11.85,23.45,19.64,23.45,yes,4th,28.91666667,9.57,16.42,6.75,3.81
197,Pieris_rapae,Seattle_WA,1999,17.25.3,25,3,17,36386,226,11.85,42.57,23.45,42.57,yes,4th,52.08333333,16.42,15.52,23.16666667,19.12
198,Pieris_rapae,Seattle_WA,1999,17.25.3,25,3,17,36387,227,11.85,43.4,42.57,43.4,no,4th,77.86666667,15.52,17.39,25.78333333,0.83
199,Pieris_rapae,Seattle_WA,1999,17.26.2,26,2,17,36384,224,14.39,14.39,14.39,14.39,yes,4th,0,11.47,11.47,0,0
200,Pieris_rapae,Seattle_WA,1999,17.26.2,26,2,17,36384,224,14.39,14.78,14.39,14.78,yes,4th,6.55,11.47,18.2,6.55,0.39
201,Pieris_rapae,Seattle_WA,1999,17.26.2,26,2,17,36385,225,14.39,21.06,14.78,21.06,yes,4th,22.16666667,18.2,9.57,15.61666667,6.28
202,Pieris_rapae,Seattle_WA,1999,17.26.2,26,2,17,36385,225,14.39,25.22,21.06,25.22,yes,4th,28.91666667,9.57,16.42,6.75,4.16
203,Pieris_rapae,Seattle_WA,1999,17.26.2,26,2,17,36386,226,14.39,38.7,25.22,38.7,yes,4th,52.08333333,16.42,15.52,23.16666667,13.48
204,Pieris_rapae,Seattle_WA,1999,17.26.2,26,2,17,36387,227,14.39,46.31,38.7,46.31,no,4th,77.86666667,15.52,17.39,25.78333333,7.61
205,Pieris_rapae,Seattle_WA,1999,17.28.5,28,5,17,36384,224,15.54,15.54,15.54,15.54,yes,4th,0,11.47,11.47,0,0
206,Pieris_rapae,Seattle_WA,1999,17.28.5,28,5,17,36384,224,15.54,17.42,15.54,17.42,yes,4th,6.55,11.47,18.2,6.55,1.88
207,Pieris_rapae,Seattle_WA,1999,17.28.5,28,5,17,36385,225,15.54,24.65,17.42,24.65,yes,4th,22.16666667,18.2,9.57,15.61666667,7.23
208,Pieris_rapae,Seattle_WA,1999,17.28.5,28,5,17,36385,225,15.54,29.69,24.65,29.69,yes,4th,28.91666667,9.57,16.42,6.75,5.04
209,Pieris_rapae,Seattle_WA,1999,17.28.5,28,5,17,36386,226,15.54,45.74,29.69,45.74,yes,4th,52.08333333,16.42,15.52,23.16666667,16.05
210,Pieris_rapae,Seattle_WA,1999,17.28.5,28,5,17,36387,227,15.54,45.38,45.74,45.38,no,4th,77.86666667,15.52,17.39,25.78333333,-0.36
211,Pieris_rapae,Seattle_WA,1999,17.28.6,28,6,17,36384,224,14.25,14.25,14.25,14.25,yes,4th,0,11.47,11.47,0,0
212,Pieris_rapae,Seattle_WA,1999,17.28.6,28,6,17,36384,224,14.25,15.12,14.25,15.12,yes,4th,6.55,11.47,18.2,6.55,0.87
213,Pieris_rapae,Seattle_WA,1999,17.28.6,28,6,17,36385,225,14.25,24.26,15.12,24.26,yes,4th,22.16666667,18.2,9.57,15.61666667,9.14
214,Pieris_rapae,Seattle_WA,1999,17.28.6,28,6,17,36385,225,14.25,27.61,24.26,27.61,yes,4th,28.91666667,9.57,16.42,6.75,3.35
215,Pieris_rapae,Seattle_WA,1999,17.28.6,28,6,17,36386,226,14.25,48.74,27.61,48.74,yes,4th,52.08333333,16.42,15.52,23.16666667,21.13
216,Pieris_rapae,Seattle_WA,1999,17.28.6,28,6,17,36387,227,14.25,45.57,48.74,45.57,no,4th,77.86666667,15.52,17.39,25.78333333,-3.17
217,Pieris_rapae,Seattle_WA,1999,23.1.8,1,8,23,36384,224,17.71,17.71,17.71,17.71,yes,4th,0,12.01,12.01,0,0
218,Pieris_rapae,Seattle_WA,1999,23.1.8,1,8,23,36384,224,17.71,23.56,17.71,23.56,yes,4th,6.016666667,12.01,18.02,6.016666667,5.85
219,Pieris_rapae,Seattle_WA,1999,23.1.8,1,8,23,36385,225,17.71,48.76,23.56,48.76,yes,4th,22.35,18.02,10.22,16.33333333,25.2
220,Pieris_rapae,Seattle_WA,1999,23.1.8,1,8,23,36385,225,17.71,42.8,48.76,42.8,no,4th,29.05,10.22,17.04,6.7,-5.96
221,Pieris_rapae,Seattle_WA,1999,23.1.8,1,8,23,36386,226,17.71,70.73,42.8,70.73,yes,5th,52.26666667,17.04,16.17,23.21666667,27.93
222,Pieris_rapae,Seattle_WA,1999,23.1.8,1,8,23,36387,227,17.71,162.1,70.73,162.1,yes,5th,83.23333333,16.17,23.15,30.96666667,91.37
229,Pieris_rapae,Seattle_WA,1999,23.4.11,4,11,23,36384,224,11.42,11.42,11.42,11.42,yes,4th,0,12.01,12.01,0,0
230,Pieris_rapae,Seattle_WA,1999,23.4.11,4,11,23,36384,224,11.42,14.28,11.42,14.28,yes,4th,6.016666667,12.01,18.02,6.016666667,2.86
231,Pieris_rapae,Seattle_WA,1999,23.4.11,4,11,23,36385,225,11.42,24.75,14.28,24.75,yes,4th,22.35,18.02,10.22,16.33333333,10.47
232,Pieris_rapae,Seattle_WA,1999,23.4.11,4,11,23,36385,225,11.42,30.55,24.75,30.55,yes,4th,29.05,10.22,17.04,6.7,5.8
233,Pieris_rapae,Seattle_WA,1999,23.4.11,4,11,23,36386,226,11.42,37.64,30.55,37.64,yes,4th,52.26666667,17.04,16.17,23.21666667,7.09
234,Pieris_rapae,Seattle_WA,1999,23.4.11,4,11,23,36387,227,11.42,85.68,37.64,85.68,yes,5th,83.23333333,16.17,23.15,30.96666667,48.04
235,Pieris_rapae,Seattle_WA,1999,23.7.15,7,15,23,36384,224,14.19,14.19,14.19,14.19,yes,4th,0,12.01,12.01,0,0
236,Pieris_rapae,Seattle_WA,1999,23.7.15,7,15,23,36384,224,14.19,17.84,14.19,17.84,yes,4th,6.016666667,12.01,18.02,6.016666667,3.65
237,Pieris_rapae,Seattle_WA,1999,23.7.15,7,15,23,36385,225,14.19,33.77,17.84,33.77,yes,4th,22.35,18.02,10.22,16.33333333,15.93
238,Pieris_rapae,Seattle_WA,1999,23.7.15,7,15,23,36385,225,14.19,49.49,33.77,49.49,yes,4th,29.05,10.22,17.04,6.7,15.72
239,Pieris_rapae,Seattle_WA,1999,23.7.15,7,15,23,36386,226,14.19,42.21,49.49,42.21,no,4th,52.26666667,17.04,16.17,23.21666667,-7.28
240,Pieris_rapae,Seattle_WA,1999,23.7.15,7,15,23,36387,227,14.19,124.86,42.21,124.86,yes,5th,83.23333333,16.17,23.15,30.96666667,82.65
241,Pieris_rapae,Seattle_WA,1999,23.9.12,9,12,23,36384,224,11.03,11.03,11.03,11.03,yes,4th,0,12.01,12.01,0,0
242,Pieris_rapae,Seattle_WA,1999,23.9.12,9,12,23,36384,224,11.03,14.39,11.03,14.39,yes,4th,6.016666667,12.01,18.02,6.016666667,3.36
243,Pieris_rapae,Seattle_WA,1999,23.9.12,9,12,23,36385,225,11.03,28.98,14.39,28.98,yes,4th,22.35,18.02,10.22,16.33333333,14.59
244,Pieris_rapae,Seattle_WA,1999,23.9.12,9,12,23,36385,225,11.03,42.87,28.98,42.87,yes,4th,29.05,10.22,17.04,6.7,13.89
245,Pieris_rapae,Seattle_WA,1999,23.9.12,9,12,23,36386,226,11.03,45.19,42.87,45.19,yes,5th,52.26666667,17.04,16.17,23.21666667,2.32
246,Pieris_rapae,Seattle_WA,1999,23.9.12,9,12,23,36387,227,11.03,155.52,45.19,155.52,yes,5th,83.23333333,16.17,23.15,30.96666667,110.33
247,Pieris_rapae,Seattle_WA,1999,23.17.9,17,9,23,36384,224,13.22,13.22,13.22,13.22,yes,4th,0,12.01,12.01,0,0
248,Pieris_rapae,Seattle_WA,1999,23.17.9,17,9,23,36384,224,13.22,15.72,13.22,15.72,yes,4th,6.016666667,12.01,18.02,6.016666667,2.5
249,Pieris_rapae,Seattle_WA,1999,23.17.9,17,9,23,36385,225,13.22,36.36,15.72,36.36,yes,4th,22.35,18.02,10.22,16.33333333,20.64
250,Pieris_rapae,Seattle_WA,1999,23.17.9,17,9,23,36385,225,13.22,50.04,36.36,50.04,yes,4th,29.05,10.22,17.04,6.7,13.68
251,Pieris_rapae,Seattle_WA,1999,23.17.9,17,9,23,36386,226,13.22,57.4,50.04,57.4,yes,5th,52.26666667,17.04,16.17,23.21666667,7.36
252,Pieris_rapae,Seattle_WA,1999,23.17.9,17,9,23,36387,227,13.22,172.55,57.4,172.55,yes,5th,83.23333333,16.17,23.15,30.96666667,115.15
253,Pieris_rapae,Seattle_WA,1999,23.21.4,21,4,23,36384,224,16.32,16.32,16.32,16.32,yes,4th,0,12.01,12.01,0,0
254,Pieris_rapae,Seattle_WA,1999,23.21.4,21,4,23,36384,224,16.32,20.96,16.32,20.96,yes,4th,6.016666667,12.01,18.02,6.016666667,4.64
255,Pieris_rapae,Seattle_WA,1999,23.21.4,21,4,23,36385,225,16.32,19.04,20.96,19.04,no,4th,22.35,18.02,10.22,16.33333333,-1.92
256,Pieris_rapae,Seattle_WA,1999,23.21.4,21,4,23,36385,225,16.32,18.02,19.04,18.02,no,4th,29.05,10.22,17.04,6.7,-1.02
257,Pieris_rapae,Seattle_WA,1999,23.21.4,21,4,23,36386,226,16.32,16.79,18.02,16.79,no,4th,52.26666667,17.04,16.17,23.21666667,-1.23
258,Pieris_rapae,Seattle_WA,1999,23.21.4,21,4,23,36387,227,16.32,15.42,16.79,15.42,no,4th,83.23333333,16.17,23.15,30.96666667,-1.37
259,Pieris_rapae,Seattle_WA,1999,23.21.6,21,6,23,36384,224,15.31,15.31,15.31,15.31,yes,4th,0,12.01,12.01,0,0
260,Pieris_rapae,Seattle_WA,1999,23.21.6,21,6,23,36384,224,15.31,19.99,15.31,19.99,yes,4th,6.016666667,12.01,18.02,6.016666667,4.68
261,Pieris_rapae,Seattle_WA,1999,23.21.6,21,6,23,36385,225,15.31,47.08,19.99,47.08,yes,4th,22.35,18.02,10.22,16.33333333,27.09
262,Pieris_rapae,Seattle_WA,1999,23.21.6,21,6,23,36385,225,15.31,48.37,47.08,48.37,no,4th,29.05,10.22,17.04,6.7,1.29
263,Pieris_rapae,Seattle_WA,1999,23.21.6,21,6,23,36386,226,15.31,77.56,48.37,77.56,yes,5th,52.26666667,17.04,16.17,23.21666667,29.19
264,Pieris_rapae,Seattle_WA,1999,23.21.6,21,6,23,36387,227,15.31,233.81,77.56,233.81,yes,5th,83.23333333,16.17,23.15,30.96666667,156.25
265,Pieris_rapae,Seattle_WA,1999,23.22.13,22,13,23,36384,224,10.64,10.64,10.64,10.64,yes,4th,0,12.01,12.01,0,0
266,Pieris_rapae,Seattle_WA,1999,23.22.13,22,13,23,36384,224,10.64,13.97,10.64,13.97,yes,4th,6.016666667,12.01,18.02,6.016666667,3.33
267,Pieris_rapae,Seattle_WA,1999,23.22.13,22,13,23,36385,225,10.64,32.52,13.97,32.52,yes,4th,22.35,18.02,10.22,16.33333333,18.55
268,Pieris_rapae,Seattle_WA,1999,23.22.13,22,13,23,36385,225,10.64,42.72,32.52,42.72,yes,4th,29.05,10.22,17.04,6.7,10.2
269,Pieris_rapae,Seattle_WA,1999,23.22.13,22,13,23,36386,226,10.64,50.32,42.72,50.32,yes,5th,52.26666667,17.04,16.17,23.21666667,7.6
270,Pieris_rapae,Seattle_WA,1999,23.22.13,22,13,23,36387,227,10.64,150.56,50.32,150.56,yes,5th,83.23333333,16.17,23.15,30.96666667,100.24
271,Pieris_rapae,Seattle_WA,1999,23.22.14,22,14,23,36384,224,12.26,12.26,12.26,12.26,yes,4th,0,12.01,12.01,0,0
272,Pieris_rapae,Seattle_WA,1999,23.22.14,22,14,23,36384,224,12.26,16,12.26,16,yes,4th,6.016666667,12.01,18.02,6.016666667,3.74
273,Pieris_rapae,Seattle_WA,1999,23.22.14,22,14,23,36385,225,12.26,37.19,16,37.19,yes,4th,22.35,18.02,10.22,16.33333333,21.19
274,Pieris_rapae,Seattle_WA,1999,23.22.14,22,14,23,36385,225,12.26,39.9,37.19,39.9,yes,4th,29.05,10.22,17.04,6.7,2.71
275,Pieris_rapae,Seattle_WA,1999,23.22.14,22,14,23,36386,226,12.26,46.44,39.9,46.44,yes,4th,52.26666667,17.04,16.17,23.21666667,6.54
276,Pieris_rapae,Seattle_WA,1999,23.22.14,22,14,23,36387,227,12.26,132.61,46.44,132.61,yes,5th,83.23333333,16.17,23.15,30.96666667,86.17
277,Pieris_rapae,Seattle_WA,1999,23.25.2,25,2,23,36384,224,15.63,15.63,15.63,15.63,yes,4th,0,12.01,12.01,0,0
278,Pieris_rapae,Seattle_WA,1999,23.25.2,25,2,23,36384,224,15.63,21.57,15.63,21.57,yes,4th,6.016666667,12.01,18.02,6.016666667,5.94
279,Pieris_rapae,Seattle_WA,1999,23.25.2,25,2,23,36385,225,15.63,45.42,21.57,45.42,yes,4th,22.35,18.02,10.22,16.33333333,23.85
280,Pieris_rapae,Seattle_WA,1999,23.25.2,25,2,23,36385,225,15.63,52.97,45.42,52.97,yes,4th,29.05,10.22,17.04,6.7,7.55
281,Pieris_rapae,Seattle_WA,1999,23.25.2,25,2,23,36386,226,15.63,73.3,52.97,73.3,yes,5th,52.26666667,17.04,16.17,23.21666667,20.33
282,Pieris_rapae,Seattle_WA,1999,23.25.2,25,2,23,36387,227,15.63,166.58,73.3,166.58,yes,5th,83.23333333,16.17,23.15,30.96666667,93.28
283,Pieris_rapae,Seattle_WA,1999,23.25.3,25,3,23,36384,224,15.95,15.95,15.95,15.95,yes,4th,0,12.01,12.01,0,0
284,Pieris_rapae,Seattle_WA,1999,23.25.3,25,3,23,36384,224,15.95,20.7,15.95,20.7,yes,4th,6.016666667,12.01,18.02,6.016666667,4.75
285,Pieris_rapae,Seattle_WA,1999,23.25.3,25,3,23,36385,225,15.95,46.28,20.7,46.28,yes,4th,22.35,18.02,10.22,16.33333333,25.58
286,Pieris_rapae,Seattle_WA,1999,23.25.3,25,3,23,36385,225,15.95,49.64,46.28,49.64,no,4th,29.05,10.22,17.04,6.7,3.36
287,Pieris_rapae,Seattle_WA,1999,23.25.3,25,3,23,36386,226,15.95,76,49.64,76,yes,5th,52.26666667,17.04,16.17,23.21666667,26.36
288,Pieris_rapae,Seattle_WA,1999,23.25.3,25,3,23,36387,227,15.95,197.07,76,197.07,yes,5th,83.23333333,16.17,23.15,30.96666667,121.07
289,Pieris_rapae,Seattle_WA,1999,23.26.1,26,1,23,36384,224,17.27,17.27,17.27,17.27,yes,4th,0,12.01,12.01,0,0
290,Pieris_rapae,Seattle_WA,1999,23.26.1,26,1,23,36384,224,17.27,23.45,17.27,23.45,yes,4th,6.016666667,12.01,18.02,6.016666667,6.18
291,Pieris_rapae,Seattle_WA,1999,23.26.1,26,1,23,36385,225,17.27,47.19,23.45,47.19,yes,4th,22.35,18.02,10.22,16.33333333,23.74
292,Pieris_rapae,Seattle_WA,1999,23.26.1,26,1,23,36385,225,17.27,46.74,47.19,46.74,no,4th,29.05,10.22,17.04,6.7,-0.45
293,Pieris_rapae,Seattle_WA,1999,23.26.1,26,1,23,36386,226,17.27,65.63,46.74,65.63,yes,5th,52.26666667,17.04,16.17,23.21666667,18.89
294,Pieris_rapae,Seattle_WA,1999,23.26.1,26,1,23,36387,227,NA,NA,65.63,NA,no,5th,83.23333333,16.17,23.15,30.96666667,NA
295,Pieris_rapae,Seattle_WA,1999,23.28.5,28,5,23,36384,224,16.48,16.48,16.48,16.48,yes,4th,0,12.01,12.01,0,0
296,Pieris_rapae,Seattle_WA,1999,23.28.5,28,5,23,36384,224,16.48,22.74,16.48,22.74,yes,4th,6.016666667,12.01,18.02,6.016666667,6.26
297,Pieris_rapae,Seattle_WA,1999,23.28.5,28,5,23,36385,225,16.48,48.88,22.74,48.88,yes,4th,22.35,18.02,10.22,16.33333333,26.14
298,Pieris_rapae,Seattle_WA,1999,23.28.5,28,5,23,36385,225,16.48,46.43,48.88,46.43,no,4th,29.05,10.22,17.04,6.7,-2.45
299,Pieris_rapae,Seattle_WA,1999,23.28.5,28,5,23,36386,226,16.48,71.78,46.43,71.78,yes,5th,52.26666667,17.04,16.17,23.21666667,25.35
300,Pieris_rapae,Seattle_WA,1999,23.28.5,28,5,23,36387,227,16.48,205.86,71.78,205.86,yes,5th,83.23333333,16.17,23.15,30.96666667,134.08
301,Pieris_rapae,Seattle_WA,1999,23.28.7,28,7,23,36384,224,15.54,15.54,15.54,15.54,yes,4th,0,12.01,12.01,0,0
302,Pieris_rapae,Seattle_WA,1999,23.28.7,28,7,23,36384,224,15.54,19.98,15.54,19.98,yes,4th,6.016666667,12.01,18.02,6.016666667,4.44
303,Pieris_rapae,Seattle_WA,1999,23.28.7,28,7,23,36385,225,15.54,41.63,19.98,41.63,yes,4th,22.35,18.02,10.22,16.33333333,21.65
304,Pieris_rapae,Seattle_WA,1999,23.28.7,28,7,23,36385,225,15.54,54.04,41.63,54.04,yes,4th,29.05,10.22,17.04,6.7,12.41
305,Pieris_rapae,Seattle_WA,1999,23.28.7,28,7,23,36386,226,15.54,52.49,54.04,52.49,no,4th,52.26666667,17.04,16.17,23.21666667,-1.55
306,Pieris_rapae,Seattle_WA,1999,23.28.7,28,7,23,36387,227,15.54,185.88,52.49,185.88,yes,5th,83.23333333,16.17,23.15,30.96666667,133.39
307,Pieris_rapae,Seattle_WA,1999,29.7.11,7,11,29,36384,224,8.83,8.83,8.83,8.83,yes,4th,0,12.17,12.17,0,0
308,Pieris_rapae,Seattle_WA,1999,29.7.11,7,11,29,36384,224,8.83,11.1,8.83,11.1,yes,4th,6.1,12.17,18.23,6.1,2.27
309,Pieris_rapae,Seattle_WA,1999,29.7.11,7,11,29,36385,225,8.83,13.77,11.1,13.77,yes,4th,21.9,18.23,10.11,15.8,2.67
310,Pieris_rapae,Seattle_WA,1999,29.7.11,7,11,29,36385,225,8.83,17.33,13.77,17.33,yes,4th,28.58333333,10.11,16.52,6.683333333,3.56
311,Pieris_rapae,Seattle_WA,1999,29.7.11,7,11,29,36386,226,8.83,56.85,17.33,56.85,yes,5th,51.83333333,16.52,16.07,23.25,39.52
312,Pieris_rapae,Seattle_WA,1999,29.7.11,7,11,29,36387,227,8.83,87.09,56.85,87.09,yes,5th,81.88333333,16.07,22.1,30.05,30.24
313,Pieris_rapae,Seattle_WA,1999,29.7.12,7,12,29,36384,224,13.56,13.56,13.56,13.56,yes,4th,0,12.17,12.17,0,0
314,Pieris_rapae,Seattle_WA,1999,29.7.12,7,12,29,36384,224,13.56,17.62,13.56,17.62,yes,4th,6.1,12.17,18.23,6.1,4.06
315,Pieris_rapae,Seattle_WA,1999,29.7.12,7,12,29,36385,225,13.56,53.94,17.62,53.94,yes,4th,21.9,18.23,10.11,15.8,36.32
316,Pieris_rapae,Seattle_WA,1999,29.7.12,7,12,29,36385,225,13.56,51.49,53.94,51.49,no,4th,28.58333333,10.11,16.52,6.683333333,-2.45
317,Pieris_rapae,Seattle_WA,1999,29.7.12,7,12,29,36386,226,13.56,119.73,51.49,119.73,yes,5th,51.83333333,16.52,16.07,23.25,68.24
318,Pieris_rapae,Seattle_WA,1999,29.7.12,7,12,29,36387,227,13.56,166.09,119.73,166.09,yes,5th,81.88333333,16.07,22.1,30.05,46.36
325,Pieris_rapae,Seattle_WA,1999,29.9.5,9,5,29,36384,224,14.7,14.7,14.7,14.7,yes,4th,0,12.17,12.17,0,0
326,Pieris_rapae,Seattle_WA,1999,29.9.5,9,5,29,36384,224,14.7,20.24,14.7,20.24,yes,4th,6.1,12.17,18.23,6.1,5.54
327,Pieris_rapae,Seattle_WA,1999,29.9.5,9,5,29,36385,225,14.7,39.33,20.24,39.33,yes,4th,21.9,18.23,10.11,15.8,19.09
328,Pieris_rapae,Seattle_WA,1999,29.9.5,9,5,29,36385,225,14.7,39.26,39.33,39.26,no,4th,28.58333333,10.11,16.52,6.683333333,-0.07
329,Pieris_rapae,Seattle_WA,1999,29.9.5,9,5,29,36386,226,14.7,135.15,39.26,135.15,yes,5th,51.83333333,16.52,16.07,23.25,95.89
330,Pieris_rapae,Seattle_WA,1999,29.9.5,9,5,29,36387,227,14.7,152.9,135.15,152.9,yes,5th,81.88333333,16.07,22.1,30.05,17.75
331,Pieris_rapae,Seattle_WA,1999,29.9.6,9,6,29,36384,224,15.09,15.09,15.09,15.09,yes,4th,0,12.17,12.17,0,0
332,Pieris_rapae,Seattle_WA,1999,29.9.6,9,6,29,36384,224,15.09,20.73,15.09,20.73,yes,4th,6.1,12.17,18.23,6.1,5.64
333,Pieris_rapae,Seattle_WA,1999,29.9.6,9,6,29,36385,225,15.09,38.87,20.73,38.87,yes,4th,21.9,18.23,10.11,15.8,18.14
334,Pieris_rapae,Seattle_WA,1999,29.9.6,9,6,29,36385,225,15.09,36.93,38.87,36.93,no,4th,28.58333333,10.11,16.52,6.683333333,-1.94
335,Pieris_rapae,Seattle_WA,1999,29.9.6,9,6,29,36386,226,15.09,90.84,36.93,90.84,yes,5th,51.83333333,16.52,16.07,23.25,53.91
336,Pieris_rapae,Seattle_WA,1999,29.9.6,9,6,29,36387,227,15.09,170.22,90.84,170.22,yes,5th,81.88333333,16.07,22.1,30.05,79.38
337,Pieris_rapae,Seattle_WA,1999,29.9.7,9,7,29,36384,224,13.69,13.69,13.69,13.69,yes,4th,0,12.17,12.17,0,0
338,Pieris_rapae,Seattle_WA,1999,29.9.7,9,7,29,36384,224,13.69,17.84,13.69,17.84,yes,4th,6.1,12.17,18.23,6.1,4.15
339,Pieris_rapae,Seattle_WA,1999,29.9.7,9,7,29,36385,225,13.69,46.41,17.84,46.41,yes,4th,21.9,18.23,10.11,15.8,28.57
340,Pieris_rapae,Seattle_WA,1999,29.9.7,9,7,29,36385,225,13.69,44.54,46.41,44.54,no,4th,28.58333333,10.11,16.52,6.683333333,-1.87
341,Pieris_rapae,Seattle_WA,1999,29.9.7,9,7,29,36386,226,13.69,94.71,44.54,94.71,yes,5th,51.83333333,16.52,16.07,23.25,50.17
342,Pieris_rapae,Seattle_WA,1999,29.9.7,9,7,29,36387,227,13.69,191.86,94.71,191.86,yes,5th,81.88333333,16.07,22.1,30.05,97.15
343,Pieris_rapae,Seattle_WA,1999,29.9.8,9,8,29,36384,224,14.15,14.15,14.15,14.15,yes,4th,0,12.17,12.17,0,0
344,Pieris_rapae,Seattle_WA,1999,29.9.8,9,8,29,36384,224,14.15,20.67,14.15,20.67,yes,4th,6.1,12.17,18.23,6.1,6.52
345,Pieris_rapae,Seattle_WA,1999,29.9.8,9,8,29,36385,225,14.15,41.58,20.67,41.58,yes,4th,21.9,18.23,10.11,15.8,20.91
346,Pieris_rapae,Seattle_WA,1999,29.9.8,9,8,29,36385,225,14.15,41.52,41.58,41.52,no,4th,28.58333333,10.11,16.52,6.683333333,-0.06
347,Pieris_rapae,Seattle_WA,1999,29.9.8,9,8,29,36386,226,14.15,135.55,41.52,135.55,yes,5th,51.83333333,16.52,16.07,23.25,94.03
348,Pieris_rapae,Seattle_WA,1999,29.9.8,9,8,29,36387,227,14.15,171.31,135.55,171.31,yes,5th,81.88333333,16.07,22.1,30.05,35.76
349,Pieris_rapae,Seattle_WA,1999,29.9.9,9,9,29,36384,224,15.92,15.92,15.92,15.92,yes,4th,0,12.17,12.17,0,0
350,Pieris_rapae,Seattle_WA,1999,29.9.9,9,9,29,36384,224,15.92,23.25,15.92,23.25,yes,4th,6.1,12.17,18.23,6.1,7.33
351,Pieris_rapae,Seattle_WA,1999,29.9.9,9,9,29,36385,225,15.92,47.37,23.25,47.37,yes,4th,21.9,18.23,10.11,15.8,24.12
352,Pieris_rapae,Seattle_WA,1999,29.9.9,9,9,29,36385,225,15.92,47.28,47.37,47.28,no,4th,28.58333333,10.11,16.52,6.683333333,-0.09
353,Pieris_rapae,Seattle_WA,1999,29.9.9,9,9,29,36386,226,15.92,118.5,47.28,118.5,yes,5th,51.83333333,16.52,16.07,23.25,71.22
354,Pieris_rapae,Seattle_WA,1999,29.9.9,9,9,29,36387,227,15.92,155.34,118.5,155.34,yes,5th,81.88333333,16.07,22.1,30.05,36.84
355,Pieris_rapae,Seattle_WA,1999,29.9.10,9,10,29,36384,224,15.25,15.25,15.25,15.25,yes,4th,0,12.17,12.17,0,0
356,Pieris_rapae,Seattle_WA,1999,29.9.10,9,10,29,36384,224,15.25,22.63,15.25,22.63,yes,4th,6.1,12.17,18.23,6.1,7.38
357,Pieris_rapae,Seattle_WA,1999,29.9.10,9,10,29,36385,225,15.25,38.96,22.63,38.96,yes,4th,21.9,18.23,10.11,15.8,16.33
358,Pieris_rapae,Seattle_WA,1999,29.9.10,9,10,29,36385,225,15.25,38.66,38.96,38.66,no,4th,28.58333333,10.11,16.52,6.683333333,-0.3
359,Pieris_rapae,Seattle_WA,1999,29.9.10,9,10,29,36386,226,15.25,117.41,38.66,117.41,yes,5th,51.83333333,16.52,16.07,23.25,78.75
360,Pieris_rapae,Seattle_WA,1999,29.9.10,9,10,29,36387,227,15.25,147.15,117.41,147.15,yes,5th,81.88333333,16.07,22.1,30.05,29.74
361,Pieris_rapae,Seattle_WA,1999,29.14.1,14,1,29,36384,224,12.22,12.22,12.22,12.22,yes,4th,0,12.17,12.17,0,0
367,Pieris_rapae,Seattle_WA,1999,29.14.15,14,15,29,36384,224,15.61,15.61,15.61,15.61,yes,4th,0,12.17,12.17,0,0
368,Pieris_rapae,Seattle_WA,1999,29.14.15,14,15,29,36384,224,15.61,22.08,15.61,22.08,yes,4th,6.1,12.17,18.23,6.1,6.47
369,Pieris_rapae,Seattle_WA,1999,29.14.15,14,15,29,36385,225,15.61,51.53,22.08,51.53,yes,4th,21.9,18.23,10.11,15.8,29.45
370,Pieris_rapae,Seattle_WA,1999,29.14.15,14,15,29,36385,225,15.61,48.43,51.53,48.43,no,4th,28.58333333,10.11,16.52,6.683333333,-3.1
371,Pieris_rapae,Seattle_WA,1999,29.14.15,14,15,29,36386,226,15.61,132.09,48.43,132.09,yes,5th,51.83333333,16.52,16.07,23.25,83.66
372,Pieris_rapae,Seattle_WA,1999,29.14.15,14,15,29,36387,227,15.61,203.47,132.09,203.47,yes,5th,81.88333333,16.07,22.1,30.05,71.38
379,Pieris_rapae,Seattle_WA,1999,29.18.4,18,4,29,36384,224,16.11,16.11,16.11,16.11,yes,4th,0,12.17,12.17,0,0
380,Pieris_rapae,Seattle_WA,1999,29.18.4,18,4,29,36384,224,16.11,24.65,16.11,24.65,yes,4th,6.1,12.17,18.23,6.1,8.54
381,Pieris_rapae,Seattle_WA,1999,29.18.4,18,4,29,36385,225,16.11,45.15,24.65,45.15,yes,4th,21.9,18.23,10.11,15.8,20.5
382,Pieris_rapae,Seattle_WA,1999,29.18.4,18,4,29,36385,225,16.11,42.3,45.15,42.3,no,4th,28.58333333,10.11,16.52,6.683333333,-2.85
383,Pieris_rapae,Seattle_WA,1999,29.18.4,18,4,29,36386,226,16.11,116.63,42.3,116.63,yes,5th,51.83333333,16.52,16.07,23.25,74.33
384,Pieris_rapae,Seattle_WA,1999,29.18.4,18,4,29,36387,227,16.11,149.88,116.63,149.88,yes,5th,81.88333333,16.07,22.1,30.05,33.25
385,Pieris_rapae,Seattle_WA,1999,29.23.2,23,2,29,36384,224,13.6,13.6,13.6,13.6,yes,4th,0,12.17,12.17,0,0
386,Pieris_rapae,Seattle_WA,1999,29.23.2,23,2,29,36384,224,13.6,20.45,13.6,20.45,yes,4th,6.1,12.17,18.23,6.1,6.85
387,Pieris_rapae,Seattle_WA,1999,29.23.2,23,2,29,36385,225,13.6,42.47,20.45,42.47,yes,4th,21.9,18.23,10.11,15.8,22.02
388,Pieris_rapae,Seattle_WA,1999,29.23.2,23,2,29,36385,225,13.6,42.06,42.47,42.06,no,4th,28.58333333,10.11,16.52,6.683333333,-0.41
389,Pieris_rapae,Seattle_WA,1999,29.23.2,23,2,29,36386,226,13.6,93.26,42.06,93.26,yes,5th,51.83333333,16.52,16.07,23.25,51.2
390,Pieris_rapae,Seattle_WA,1999,29.23.2,23,2,29,36387,227,13.6,149.31,93.26,149.31,yes,5th,81.88333333,16.07,22.1,30.05,56.05
391,Pieris_rapae,Seattle_WA,1999,29.27.14,27,14,29,36384,224,13.5,13.5,13.5,13.5,yes,4th,0,12.17,12.17,0,0
392,Pieris_rapae,Seattle_WA,1999,29.27.14,27,14,29,36384,224,13.5,17.64,13.5,17.64,yes,4th,6.1,12.17,18.23,6.1,4.14
393,Pieris_rapae,Seattle_WA,1999,29.27.14,27,14,29,36385,225,13.5,40.97,17.64,40.97,yes,4th,21.9,18.23,10.11,15.8,23.33
394,Pieris_rapae,Seattle_WA,1999,29.27.14,27,14,29,36385,225,13.5,43.07,40.97,43.07,no,4th,28.58333333,10.11,16.52,6.683333333,2.1
395,Pieris_rapae,Seattle_WA,1999,29.27.14,27,14,29,36386,226,13.5,100.92,43.07,100.92,yes,5th,51.83333333,16.52,16.07,23.25,57.85
396,Pieris_rapae,Seattle_WA,1999,29.27.14,27,14,29,36387,227,13.5,149.3,100.92,149.3,yes,5th,81.88333333,16.07,22.1,30.05,48.38
397,Pieris_rapae,Seattle_WA,1999,35.2.11,2,11,35,36385,225,10.15,10.15,10.15,10.15,yes,4th,0,11.43,11.43,0,0
398,Pieris_rapae,Seattle_WA,1999,35.2.11,2,11,35,36385,225,10.15,10.15,10.15,15.92,yes,4th,5.283333333,11.43,17,5.283333333,5.77
399,Pieris_rapae,Seattle_WA,1999,35.2.11,2,11,35,36386,226,10.15,15.92,15.92,48.76,yes,4th,22.95,17,10.4,17.66666667,32.84
400,Pieris_rapae,Seattle_WA,1999,35.2.11,2,11,35,36386,226,10.15,48.76,48.76,62.17,yes,4th,28.73333333,10.4,16.27,5.783333333,13.41
401,Pieris_rapae,Seattle_WA,1999,35.2.11,2,11,35,36387,227,10.15,62.17,62.17,90.48,yes,5th,53.73333333,16.27,17.27,25,28.31
402,Pieris_rapae,Seattle_WA,1999,35.2.11,2,11,35,36388,228,10.15,90.48,90.48,121.49,yes,5th,79.38333333,17.27,19.06,25.65,31.01
403,Pieris_rapae,Seattle_WA,1999,35.4.7,4,7,35,36385,225,11.52,11.52,11.52,11.52,yes,4th,0,11.43,11.43,0,0
404,Pieris_rapae,Seattle_WA,1999,35.4.7,4,7,35,36385,225,11.52,11.52,11.52,18.73,yes,4th,5.283333333,11.43,17,5.283333333,7.21
405,Pieris_rapae,Seattle_WA,1999,35.4.7,4,7,35,36386,226,11.52,18.73,18.73,35.39,yes,4th,22.95,17,10.4,17.66666667,16.66
406,Pieris_rapae,Seattle_WA,1999,35.4.7,4,7,35,36386,226,11.52,35.39,35.39,41.1,yes,4th,28.73333333,10.4,16.27,5.783333333,5.71
407,Pieris_rapae,Seattle_WA,1999,35.4.7,4,7,35,36387,227,11.52,41.1,41.1,48.2,no,4th,53.73333333,16.27,17.27,25,7.1
408,Pieris_rapae,Seattle_WA,1999,35.4.7,4,7,35,36388,228,11.52,48.2,48.2,35.59,yes,,79.38333333,17.27,19.06,25.65,-12.61
409,Pieris_rapae,Seattle_WA,1999,35.7.6,7,6,35,36385,225,14.74,14.74,14.74,14.74,yes,4th,0,11.43,11.43,0,0
410,Pieris_rapae,Seattle_WA,1999,35.7.6,7,6,35,36385,225,14.74,14.74,14.74,20.31,yes,4th,5.283333333,11.43,17,5.283333333,5.57
411,Pieris_rapae,Seattle_WA,1999,35.7.6,7,6,35,36386,226,14.74,20.31,20.31,45.55,yes,4th,22.95,17,10.4,17.66666667,25.24
412,Pieris_rapae,Seattle_WA,1999,35.7.6,7,6,35,36386,226,14.74,45.55,45.55,54.5,yes,4th,28.73333333,10.4,16.27,5.783333333,8.95
413,Pieris_rapae,Seattle_WA,1999,35.7.6,7,6,35,36387,227,14.74,54.5,54.5,53.6,no,4th,53.73333333,16.27,17.27,25,-0.9
414,Pieris_rapae,Seattle_WA,1999,35.7.6,7,6,35,36388,228,14.74,53.6,53.6,46.24,yes,5th,79.38333333,17.27,19.06,25.65,-7.36
415,Pieris_rapae,Seattle_WA,1999,35.7.13,7,13,35,36385,225,14.12,14.12,14.12,14.12,yes,4th,0,11.43,11.43,0,0
416,Pieris_rapae,Seattle_WA,1999,35.7.13,7,13,35,36385,225,14.12,14.12,14.12,17.25,yes,4th,5.283333333,11.43,17,5.283333333,3.13
417,Pieris_rapae,Seattle_WA,1999,35.7.13,7,13,35,36386,226,14.12,17.25,17.25,37.21,yes,4th,22.95,17,10.4,17.66666667,19.96
418,Pieris_rapae,Seattle_WA,1999,35.7.13,7,13,35,36386,226,14.12,37.21,37.21,41.32,yes,4th,28.73333333,10.4,16.27,5.783333333,4.11
419,Pieris_rapae,Seattle_WA,1999,35.7.13,7,13,35,36387,227,14.12,41.32,41.32,50.01,no,4th,53.73333333,16.27,17.27,25,8.69
420,Pieris_rapae,Seattle_WA,1999,35.7.13,7,13,35,36388,228,14.12,50.01,50.01,45.5,yes,5th,79.38333333,17.27,19.06,25.65,-4.51
421,Pieris_rapae,Seattle_WA,1999,35.7.14,7,14,35,36385,225,13.52,13.52,13.52,13.52,yes,4th,0,11.43,11.43,0,0
422,Pieris_rapae,Seattle_WA,1999,35.7.14,7,14,35,36385,225,13.52,13.52,13.52,20.65,yes,4th,5.283333333,11.43,17,5.283333333,7.13
423,Pieris_rapae,Seattle_WA,1999,35.7.14,7,14,35,36386,226,13.52,20.65,20.65,44.55,yes,4th,22.95,17,10.4,17.66666667,23.9
424,Pieris_rapae,Seattle_WA,1999,35.7.14,7,14,35,36386,226,13.52,44.55,44.55,55.15,yes,4th,28.73333333,10.4,16.27,5.783333333,10.6
425,Pieris_rapae,Seattle_WA,1999,35.7.14,7,14,35,36387,227,13.52,55.15,55.15,41.5,yes,5th,53.73333333,16.27,17.27,25,-13.65
426,Pieris_rapae,Seattle_WA,1999,35.7.14,7,14,35,36388,228,13.52,41.5,41.5,41.62,yes,5th,79.38333333,17.27,19.06,25.65,0.12
433,Pieris_rapae,Seattle_WA,1999,35.9.2,9,2,35,36385,225,13.25,13.25,13.25,13.25,yes,4th,0,11.43,11.43,0,0
434,Pieris_rapae,Seattle_WA,1999,35.9.2,9,2,35,36385,225,13.25,13.25,13.25,17.23,yes,4th,5.283333333,11.43,17,5.283333333,3.98
435,Pieris_rapae,Seattle_WA,1999,35.9.2,9,2,35,36386,226,13.25,17.23,17.23,42.25,yes,4th,22.95,17,10.4,17.66666667,25.02
436,Pieris_rapae,Seattle_WA,1999,35.9.2,9,2,35,36386,226,13.25,42.25,42.25,45.46,yes,4th,28.73333333,10.4,16.27,5.783333333,3.21
437,Pieris_rapae,Seattle_WA,1999,35.9.2,9,2,35,36387,227,13.25,45.46,45.46,23.5,yes,4th,53.73333333,16.27,17.27,25,-21.96
438,Pieris_rapae,Seattle_WA,1999,35.9.2,9,2,35,36388,228,13.25,23.5,23.5,16.94,no,4th,79.38333333,17.27,19.06,25.65,-6.56
439,Pieris_rapae,Seattle_WA,1999,35.16.12,16,12,35,36385,225,13.08,13.08,13.08,13.08,yes,4th,0,11.43,11.43,0,0
440,Pieris_rapae,Seattle_WA,1999,35.16.12,16,12,35,36385,225,13.08,13.08,13.08,19.33,yes,4th,5.283333333,11.43,17,5.283333333,6.25
441,Pieris_rapae,Seattle_WA,1999,35.16.12,16,12,35,36386,226,13.08,19.33,19.33,53.18,yes,4th,22.95,17,10.4,17.66666667,33.85
442,Pieris_rapae,Seattle_WA,1999,35.16.12,16,12,35,36386,226,13.08,53.18,53.18,63.05,yes,4th,28.73333333,10.4,16.27,5.783333333,9.87
443,Pieris_rapae,Seattle_WA,1999,35.16.12,16,12,35,36387,227,13.08,63.05,63.05,76.52,yes,5th,53.73333333,16.27,17.27,25,13.47
444,Pieris_rapae,Seattle_WA,1999,35.16.12,16,12,35,36388,228,13.08,76.52,76.52,178.22,yes,5th,79.38333333,17.27,19.06,25.65,101.7
445,Pieris_rapae,Seattle_WA,1999,35.18.8,18,8,35,36385,225,11.26,11.26,11.26,11.26,yes,4th,0,11.43,11.43,0,0
446,Pieris_rapae,Seattle_WA,1999,35.18.8,18,8,35,36385,225,11.26,11.26,11.26,17.84,yes,4th,5.283333333,11.43,17,5.283333333,6.58
447,Pieris_rapae,Seattle_WA,1999,35.18.8,18,8,35,36386,226,11.26,17.84,17.84,47.31,yes,4th,22.95,17,10.4,17.66666667,29.47
448,Pieris_rapae,Seattle_WA,1999,35.18.8,18,8,35,36386,226,11.26,47.31,47.31,53.79,yes,4th,28.73333333,10.4,16.27,5.783333333,6.48
449,Pieris_rapae,Seattle_WA,1999,35.18.8,18,8,35,36387,227,11.26,53.79,53.79,70.87,yes,5th,53.73333333,16.27,17.27,25,17.08
450,Pieris_rapae,Seattle_WA,1999,35.18.8,18,8,35,36388,228,11.26,70.87,70.87,155.84,yes,5th,79.38333333,17.27,19.06,25.65,84.97
451,Pieris_rapae,Seattle_WA,1999,35.18.15,18,15,35,36385,225,10.84,10.84,10.84,10.84,yes,4th,0,11.43,11.43,0,0
452,Pieris_rapae,Seattle_WA,1999,35.18.15,18,15,35,36385,225,10.84,10.84,10.84,15.64,yes,4th,5.283333333,11.43,17,5.283333333,4.8
453,Pieris_rapae,Seattle_WA,1999,35.18.15,18,15,35,36386,226,10.84,15.64,15.64,48.16,yes,4th,22.95,17,10.4,17.66666667,32.52
454,Pieris_rapae,Seattle_WA,1999,35.18.15,18,15,35,36386,226,10.84,48.16,48.16,48.91,no,4th,28.73333333,10.4,16.27,5.783333333,0.75
455,Pieris_rapae,Seattle_WA,1999,35.18.15,18,15,35,36387,227,10.84,48.91,48.91,106.42,yes,5th,53.73333333,16.27,17.27,25,57.51
456,Pieris_rapae,Seattle_WA,1999,35.18.15,18,15,35,36388,228,10.84,106.42,106.42,155.4,yes,5th,79.38333333,17.27,19.06,25.65,48.98
457,Pieris_rapae,Seattle_WA,1999,35.19.4,19,4,35,36385,225,10.77,10.77,10.77,10.77,yes,4th,0,11.43,11.43,0,0
458,Pieris_rapae,Seattle_WA,1999,35.19.4,19,4,35,36385,225,10.77,10.77,10.77,17.45,yes,4th,5.283333333,11.43,17,5.283333333,6.68
459,Pieris_rapae,Seattle_WA,1999,35.19.4,19,4,35,36386,226,10.77,17.45,17.45,42.74,yes,4th,22.95,17,10.4,17.66666667,25.29
460,Pieris_rapae,Seattle_WA,1999,35.19.4,19,4,35,36386,226,10.77,42.74,42.74,51.8,yes,4th,28.73333333,10.4,16.27,5.783333333,9.06
461,Pieris_rapae,Seattle_WA,1999,35.19.4,19,4,35,36387,227,10.77,51.8,51.8,55.61,yes,5th,53.73333333,16.27,17.27,25,3.81
462,Pieris_rapae,Seattle_WA,1999,35.19.4,19,4,35,36388,228,10.77,55.61,55.61,167.12,yes,5th,79.38333333,17.27,19.06,25.65,111.51
463,Pieris_rapae,Seattle_WA,1999,35.22.5,22,5,35,36385,225,12.39,12.39,12.39,12.39,yes,4th,0,11.43,11.43,0,0
464,Pieris_rapae,Seattle_WA,1999,35.22.5,22,5,35,36385,225,12.39,12.39,12.39,18.68,yes,4th,5.283333333,11.43,17,5.283333333,6.29
465,Pieris_rapae,Seattle_WA,1999,35.22.5,22,5,35,36386,226,12.39,18.68,18.68,45.89,yes,4th,22.95,17,10.4,17.66666667,27.21
466,Pieris_rapae,Seattle_WA,1999,35.22.5,22,5,35,36386,226,12.39,45.89,45.89,48.92,no,4th,28.73333333,10.4,16.27,5.783333333,3.03
467,Pieris_rapae,Seattle_WA,1999,35.22.5,22,5,35,36387,227,12.39,48.92,48.92,91.84,yes,5th,53.73333333,16.27,17.27,25,42.92
468,Pieris_rapae,Seattle_WA,1999,35.22.5,22,5,35,36388,228,12.39,91.84,91.84,149.45,yes,5th,79.38333333,17.27,19.06,25.65,57.61
469,Pieris_rapae,Seattle_WA,1999,35.25.10,25,10,35,36385,225,10.3,10.3,10.3,10.3,yes,4th,0,11.43,11.43,0,0
470,Pieris_rapae,Seattle_WA,1999,35.25.10,25,10,35,36385,225,10.3,10.3,10.3,16.51,yes,4th,5.283333333,11.43,17,5.283333333,6.21
471,Pieris_rapae,Seattle_WA,1999,35.25.10,25,10,35,36386,226,10.3,16.51,16.51,47.52,yes,4th,22.95,17,10.4,17.66666667,31.01
472,Pieris_rapae,Seattle_WA,1999,35.25.10,25,10,35,36386,226,10.3,47.52,47.52,54.7,yes,4th,28.73333333,10.4,16.27,5.783333333,7.18
473,Pieris_rapae,Seattle_WA,1999,35.25.10,25,10,35,36387,227,10.3,54.7,54.7,72.26,yes,5th,53.73333333,16.27,17.27,25,17.56
474,Pieris_rapae,Seattle_WA,1999,35.25.10,25,10,35,36388,228,10.3,72.26,72.26,171.77,yes,5th,79.38333333,17.27,19.06,25.65,99.51
475,Pieris_rapae,Seattle_WA,1999,35.26.9,26,9,35,36385,225,10.53,10.53,10.53,10.53,yes,4th,0,11.43,11.43,0,0
476,Pieris_rapae,Seattle_WA,1999,35.26.9,26,9,35,36385,225,10.53,10.53,10.53,16.95,yes,4th,5.283333333,11.43,17,5.283333333,6.42
477,Pieris_rapae,Seattle_WA,1999,35.26.9,26,9,35,36386,226,10.53,16.95,16.95,48.1,yes,4th,22.95,17,10.4,17.66666667,31.15
478,Pieris_rapae,Seattle_WA,1999,35.26.9,26,9,35,36386,226,10.53,48.1,48.1,53.72,yes,4th,28.73333333,10.4,16.27,5.783333333,5.62
479,Pieris_rapae,Seattle_WA,1999,35.26.9,26,9,35,36387,227,10.53,53.72,53.72,66.81,yes,5th,53.73333333,16.27,17.27,25,13.09
480,Pieris_rapae,Seattle_WA,1999,35.26.9,26,9,35,36388,228,10.53,66.81,66.81,153.26,yes,5th,79.38333333,17.27,19.06,25.65,86.45
481,Pieris_rapae,Seattle_WA,1999,35.31.3,31,3,35,36385,225,12.77,12.77,12.77,12.77,yes,4th,0,11.43,11.43,0,0
482,Pieris_rapae,Seattle_WA,1999,35.31.3,31,3,35,36385,225,12.77,12.77,12.77,16.61,yes,4th,5.283333333,11.43,17,5.283333333,3.84
483,Pieris_rapae,Seattle_WA,1999,35.31.3,31,3,35,36386,226,12.77,16.61,16.61,35.46,yes,4th,22.95,17,10.4,17.66666667,18.85
484,Pieris_rapae,Seattle_WA,1999,35.31.3,31,3,35,36386,226,12.77,35.46,35.46,45.7,yes,4th,28.73333333,10.4,16.27,5.783333333,10.24
485,Pieris_rapae,Seattle_WA,1999,35.31.3,31,3,35,36387,227,12.77,45.7,45.7,53.77,no,4th,53.73333333,16.27,17.27,25,8.07
486,Pieris_rapae,Seattle_WA,1999,35.31.3,31,3,35,36388,228,12.77,53.77,53.77,129.92,yes,5th,79.38333333,17.27,19.06,25.65,76.15
487,Pieris_rapae,Seattle_WA,1999,40.5.14,5,14,40,36409,249,13.68,13.68,13.68,13.68,yes,4th,0,9.27,9.27,0,0
488,Pieris_rapae,Seattle_WA,1999,40.5.14,5,14,40,36409,249,13.68,22.14,13.68,22.14,yes,4th,6.383333333,9.27,15.5,6.383333333,8.46
489,Pieris_rapae,Seattle_WA,1999,40.5.14,5,14,40,36410,250,13.68,29.59,22.14,29.59,yes,4th,24.21666667,15.5,9.4,17.83333333,7.45
490,Pieris_rapae,Seattle_WA,1999,40.5.14,5,14,40,36410,250,13.68,32.52,29.59,32.52,yes,4th,31.8,9.4,17.15,7.583333333,2.93
491,Pieris_rapae,Seattle_WA,1999,40.5.14,5,14,40,36411,251,13.68,31.11,32.52,31.11,yes,4th,53.46666667,17.15,14.55,21.66666667,-1.41
492,Pieris_rapae,Seattle_WA,1999,40.6.13,6,13,40,36409,249,9.74,9.74,9.74,9.74,yes,4th,0,9.27,9.27,0,0
493,Pieris_rapae,Seattle_WA,1999,40.6.13,6,13,40,36409,249,9.74,9.74,9.74,15.67,yes,4th,6.383333333,9.27,15.5,6.383333333,5.93
494,Pieris_rapae,Seattle_WA,1999,40.6.13,6,13,40,36410,250,9.74,15.67,15.67,28.8,yes,4th,24.21666667,15.5,9.4,17.83333333,13.13
495,Pieris_rapae,Seattle_WA,1999,40.6.13,6,13,40,36410,250,9.74,28.8,28.8,30.56,yes,4th,31.8,9.4,17.15,7.583333333,1.76
496,Pieris_rapae,Seattle_WA,1999,40.6.13,6,13,40,36411,251,9.74,30.56,30.56,29.93,yes,4th,53.46666667,17.15,14.55,21.66666667,-0.63
497,Pieris_rapae,Seattle_WA,1999,40.7.8,7,8,40,36409,249,8.05,8.05,8.05,8.05,yes,4th,0,9.27,9.27,0,0
498,Pieris_rapae,Seattle_WA,1999,40.7.8,7,8,40,36409,249,8.05,8.05,8.05,10.91,yes,4th,6.383333333,9.27,15.5,6.383333333,2.86
499,Pieris_rapae,Seattle_WA,1999,40.7.8,7,8,40,36410,250,8.05,10.91,10.91,9.24,yes,4th,24.21666667,15.5,9.4,17.83333333,-1.67
500,Pieris_rapae,Seattle_WA,1999,40.7.8,7,8,40,36410,250,8.05,9.24,9.24,NA,no,4th,31.8,9.4,17.15,7.583333333,NA
501,Pieris_rapae,Seattle_WA,1999,40.7.8,7,8,40,36411,251,8.05,NA,NA,NA,no,4th,53.46666667,17.15,14.55,21.66666667,NA
502,Pieris_rapae,Seattle_WA,1999,40.13.7,13,7,40,36409,249,14.47,14.47,14.47,14.47,yes,4th,0,9.27,9.27,0,0
503,Pieris_rapae,Seattle_WA,1999,40.13.7,13,7,40,36409,249,14.47,14.47,14.47,17.17,yes,4th,6.383333333,9.27,15.5,6.383333333,2.7
504,Pieris_rapae,Seattle_WA,1999,40.13.7,13,7,40,36410,250,14.47,17.17,17.17,23.08,yes,4th,24.21666667,15.5,9.4,17.83333333,5.91
505,Pieris_rapae,Seattle_WA,1999,40.13.7,13,7,40,36410,250,14.47,23.08,23.08,21.91,yes,4th,31.8,9.4,17.15,7.583333333,-1.17
506,Pieris_rapae,Seattle_WA,1999,40.13.7,13,7,40,36411,251,14.47,21.91,21.91,NA,no,4th,53.46666667,17.15,14.55,21.66666667,NA
507,Pieris_rapae,Seattle_WA,1999,40.13.9,13,9,40,36409,249,13.9,13.9,13.9,13.9,yes,4th,0,9.27,9.27,0,0
508,Pieris_rapae,Seattle_WA,1999,40.13.9,13,9,40,36409,249,13.9,13.9,13.9,18.81,yes,4th,6.383333333,9.27,15.5,6.383333333,4.91
509,Pieris_rapae,Seattle_WA,1999,40.13.9,13,9,40,36410,250,13.9,18.81,18.81,22.86,yes,4th,24.21666667,15.5,9.4,17.83333333,4.05
510,Pieris_rapae,Seattle_WA,1999,40.13.9,13,9,40,36410,250,13.9,22.86,22.86,22.06,no,4th,31.8,9.4,17.15,7.583333333,-0.8
511,Pieris_rapae,Seattle_WA,1999,40.13.9,13,9,40,36411,251,13.9,22.06,22.06,NA,no,4th,53.46666667,17.15,14.55,21.66666667,NA
512,Pieris_rapae,Seattle_WA,1999,40.13.15,13,15,40,36409,249,14.54,14.54,14.54,14.54,yes,4th,0,9.27,9.27,0,0
513,Pieris_rapae,Seattle_WA,1999,40.13.15,13,15,40,36409,249,14.54,14.54,14.54,17.27,yes,4th,6.383333333,9.27,15.5,6.383333333,2.73
514,Pieris_rapae,Seattle_WA,1999,40.13.15,13,15,40,36410,250,14.54,17.27,17.27,19.7,yes,4th,24.21666667,15.5,9.4,17.83333333,2.43
515,Pieris_rapae,Seattle_WA,1999,40.13.15,13,15,40,36410,250,14.54,19.7,19.7,23.09,yes,4th,31.8,9.4,17.15,7.583333333,3.39
516,Pieris_rapae,Seattle_WA,1999,40.13.15,13,15,40,36411,251,14.54,23.09,23.09,21.99,yes,4th,53.46666667,17.15,14.55,21.66666667,-1.1
517,Pieris_rapae,Seattle_WA,1999,40.15.2,15,2,40,36409,249,15.43,15.43,15.43,15.43,yes,4th,0,9.27,9.27,0,0
518,Pieris_rapae,Seattle_WA,1999,40.15.2,15,2,40,36409,249,15.43,15.43,15.43,19.32,yes,4th,6.383333333,9.27,15.5,6.383333333,3.89
519,Pieris_rapae,Seattle_WA,1999,40.15.2,15,2,40,36410,250,15.43,19.32,19.32,15.23,no,4th,24.21666667,15.5,9.4,17.83333333,-4.09
520,Pieris_rapae,Seattle_WA,1999,40.15.2,15,2,40,36410,250,15.43,15.23,15.23,NA,no,4th,31.8,9.4,17.15,7.583333333,NA
521,Pieris_rapae,Seattle_WA,1999,40.15.2,15,2,40,36411,251,15.43,NA,NA,NA,no,4th,53.46666667,17.15,14.55,21.66666667,NA
522,Pieris_rapae,Seattle_WA,1999,40.15.3,15,3,40,36409,249,11.3,11.3,11.3,11.3,yes,4th,0,9.27,9.27,0,0
523,Pieris_rapae,Seattle_WA,1999,40.15.3,15,3,40,36409,249,11.3,11.3,11.3,13.48,yes,4th,6.383333333,9.27,15.5,6.383333333,2.18
524,Pieris_rapae,Seattle_WA,1999,40.15.3,15,3,40,36410,250,11.3,13.48,13.48,11.39,no,4th,24.21666667,15.5,9.4,17.83333333,-2.09
525,Pieris_rapae,Seattle_WA,1999,40.15.3,15,3,40,36410,250,11.3,11.39,11.39,NA,no,4th,31.8,9.4,17.15,7.583333333,NA
526,Pieris_rapae,Seattle_WA,1999,40.15.3,15,3,40,36411,251,11.3,NA,NA,NA,no,4th,53.46666667,17.15,14.55,21.66666667,NA
527,Pieris_rapae,Seattle_WA,1999,40.17.1,17,1,40,36409,249,14.72,14.72,14.72,14.72,yes,4th,0,9.27,9.27,0,0
528,Pieris_rapae,Seattle_WA,1999,40.17.1,17,1,40,36409,249,14.72,14.72,14.72,17.29,yes,4th,6.383333333,9.27,15.5,6.383333333,2.57
529,Pieris_rapae,Seattle_WA,1999,40.17.1,17,1,40,36410,250,14.72,17.29,17.29,19.26,yes,4th,24.21666667,15.5,9.4,17.83333333,1.97
530,Pieris_rapae,Seattle_WA,1999,40.17.1,17,1,40,36410,250,14.72,19.26,19.26,21.47,yes,4th,31.8,9.4,17.15,7.583333333,2.21
531,Pieris_rapae,Seattle_WA,1999,40.17.1,17,1,40,36411,251,14.72,21.47,21.47,NA,no,4th,53.46666667,17.15,14.55,21.66666667,NA
532,Pieris_rapae,Seattle_WA,1999,40.19.10,19,10,40,36409,249,12.79,12.79,12.79,12.79,yes,4th,0,9.27,9.27,0,0
533,Pieris_rapae,Seattle_WA,1999,40.19.10,19,10,40,36409,249,12.79,12.79,12.79,18.2,yes,4th,6.383333333,9.27,15.5,6.383333333,5.41
534,Pieris_rapae,Seattle_WA,1999,40.19.10,19,10,40,36410,250,12.79,18.2,18.2,23.1,yes,4th,24.21666667,15.5,9.4,17.83333333,4.9
535,Pieris_rapae,Seattle_WA,1999,40.19.10,19,10,40,36410,250,12.79,23.1,23.1,21.98,no,4th,31.8,9.4,17.15,7.583333333,-1.12
536,Pieris_rapae,Seattle_WA,1999,40.19.10,19,10,40,36411,251,12.79,21.98,21.98,NA,no,4th,53.46666667,17.15,14.55,21.66666667,NA
537,Pieris_rapae,Seattle_WA,1999,40.19.11,19,11,40,36409,249,13.84,13.84,13.84,13.84,yes,4th,0,9.27,9.27,0,0
538,Pieris_rapae,Seattle_WA,1999,40.19.11,19,11,40,36409,249,13.84,13.84,13.84,16.17,yes,4th,6.383333333,9.27,15.5,6.383333333,2.33
539,Pieris_rapae,Seattle_WA,1999,40.19.11,19,11,40,36410,250,13.84,16.17,16.17,19.5,yes,4th,24.21666667,15.5,9.4,17.83333333,3.33
540,Pieris_rapae,Seattle_WA,1999,40.19.11,19,11,40,36410,250,13.84,19.5,19.5,20.68,yes,4th,31.8,9.4,17.15,7.583333333,1.18
541,Pieris_rapae,Seattle_WA,1999,40.19.11,19,11,40,36411,251,13.84,20.68,20.68,NA,no,4th,53.46666667,17.15,14.55,21.66666667,NA
542,Pieris_rapae,Seattle_WA,1999,40.19.12,19,12,40,36409,249,12.34,12.34,12.34,12.34,yes,4th,0,9.27,9.27,0,0
543,Pieris_rapae,Seattle_WA,1999,40.19.12,19,12,40,36409,249,12.34,12.34,12.34,16.02,yes,4th,6.383333333,9.27,15.5,6.383333333,3.68
544,Pieris_rapae,Seattle_WA,1999,40.19.12,19,12,40,36410,250,12.34,16.02,16.02,20.4,yes,4th,24.21666667,15.5,9.4,17.83333333,4.38
545,Pieris_rapae,Seattle_WA,1999,40.19.12,19,12,40,36410,250,12.34,20.4,20.4,20.68,no,4th,31.8,9.4,17.15,7.583333333,0.28
546,Pieris_rapae,Seattle_WA,1999,40.19.12,19,12,40,36411,251,12.34,20.68,20.68,NA,no,4th,53.46666667,17.15,14.55,21.66666667,NA
547,Pieris_rapae,Seattle_WA,1999,40.22.4,22,4,40,36409,249,13.88,13.88,13.88,13.88,yes,4th,0,9.27,9.27,0,0
548,Pieris_rapae,Seattle_WA,1999,40.22.4,22,4,40,36409,249,13.88,13.88,13.88,15.5,yes,4th,6.383333333,9.27,15.5,6.383333333,1.62
549,Pieris_rapae,Seattle_WA,1999,40.22.4,22,4,40,36410,250,13.88,15.5,15.5,17.04,yes,4th,24.21666667,15.5,9.4,17.83333333,1.54
550,Pieris_rapae,Seattle_WA,1999,40.22.4,22,4,40,36410,250,13.88,17.04,17.04,NA,no,4th,31.8,9.4,17.15,7.583333333,NA
551,Pieris_rapae,Seattle_WA,1999,40.22.4,22,4,40,36411,251,13.88,NA,NA,NA,no,4th,53.46666667,17.15,14.55,21.66666667,NA
552,Pieris_rapae,Seattle_WA,1999,40.22.5,22,5,40,36409,249,15.14,15.14,15.14,15.14,yes,4th,0,9.27,9.27,0,0
553,Pieris_rapae,Seattle_WA,1999,40.22.5,22,5,40,36409,249,15.14,15.14,15.14,15.59,yes,4th,6.383333333,9.27,15.5,6.383333333,0.45
554,Pieris_rapae,Seattle_WA,1999,40.22.5,22,5,40,36410,250,15.14,15.59,15.59,11.86,no,4th,24.21666667,15.5,9.4,17.83333333,-3.73
555,Pieris_rapae,Seattle_WA,1999,40.22.5,22,5,40,36410,250,15.14,11.86,11.86,NA,no,4th,31.8,9.4,17.15,7.583333333,NA
556,Pieris_rapae,Seattle_WA,1999,40.22.5,22,5,40,36411,251,15.14,NA,NA,NA,no,4th,53.46666667,17.15,14.55,21.66666667,NA
557,Pieris_rapae,Seattle_WA,1999,40.22.6,22,6,40,36409,249,13.82,13.82,13.82,13.82,yes,4th,0,9.27,9.27,0,0
558,Pieris_rapae,Seattle_WA,1999,40.22.6,22,6,40,36409,249,13.82,13.82,13.82,20.23,yes,4th,6.383333333,9.27,15.5,6.383333333,6.41
559,Pieris_rapae,Seattle_WA,1999,40.22.6,22,6,40,36410,250,13.82,20.23,20.23,25.04,yes,4th,24.21666667,15.5,9.4,17.83333333,4.81
560,Pieris_rapae,Seattle_WA,1999,40.22.6,22,6,40,36410,250,13.82,25.04,25.04,29.6,yes,4th,31.8,9.4,17.15,7.583333333,4.56
561,Pieris_rapae,Seattle_WA,1999,40.22.6,22,6,40,36411,251,13.82,29.6,29.6,25.15,yes,4th,53.46666667,17.15,14.55,21.66666667,-4.45
562,Pieris_rapae,Seattle_WA,1999,41.5.14,5,14,41,36409,249,12.56,12.56,12.56,12.56,yes,4th,0,9.25,9.25,0,0
563,Pieris_rapae,Seattle_WA,1999,41.5.14,5,14,41,36409,249,12.56,12.56,12.56,13.41,yes,4th,6.183333333,9.25,15.36,6.183333333,0.85
564,Pieris_rapae,Seattle_WA,1999,41.5.14,5,14,41,36410,250,12.56,13.41,13.41,NA,no,4th,24.08333333,15.36,9.3,17.9,NA
565,Pieris_rapae,Seattle_WA,1999,41.5.14,5,14,41,36410,250,12.56,NA,NA,NA,no,4th,31.08333333,9.3,16.3,7,NA
566,Pieris_rapae,Seattle_WA,1999,41.6.12,6,12,41,36409,249,8.2,8.2,8.2,8.2,yes,4th,0,9.25,9.25,0,
567,Pieris_rapae,Seattle_WA,1999,41.6.12,6,12,41,36409,249,8.2,8.2,8.2,8.63,no,4th,6.183333333,9.25,15.36,6.183333333,0.43
568,Pieris_rapae,Seattle_WA,1999,41.6.12,6,12,41,36410,250,8.2,8.63,8.63,NA,no,4th,24.08333333,15.36,9.3,17.9,NA
569,Pieris_rapae,Seattle_WA,1999,41.6.12,6,12,41,36410,250,8.2,NA,NA,NA,no,4th,31.08333333,9.3,16.3,7,NA
570,Pieris_rapae,Seattle_WA,1999,41.6.13,6,13,41,36409,249,9.09,9.09,9.09,9.09,yes,4th,0,9.25,9.25,0,0
571,Pieris_rapae,Seattle_WA,1999,41.6.13,6,13,41,36409,249,9.09,9.09,9.09,8.73,no,4th,6.183333333,9.25,15.36,6.183333333,-0.36
572,Pieris_rapae,Seattle_WA,1999,41.6.13,6,13,41,36410,250,9.09,8.73,8.73,NA,no,4th,24.08333333,15.36,9.3,17.9,NA
573,Pieris_rapae,Seattle_WA,1999,41.6.13,6,13,41,36410,250,9.09,NA,NA,NA,no,4th,31.08333333,9.3,16.3,7,NA
574,Pieris_rapae,Seattle_WA,1999,41.6.15,6,15,41,36409,249,13.43,13.43,13.43,13.43,yes,4th,0,9.25,9.25,0,0
575,Pieris_rapae,Seattle_WA,1999,41.6.15,6,15,41,36409,249,13.43,13.43,13.43,16.37,yes,4th,6.183333333,9.25,15.36,6.183333333,2.94
576,Pieris_rapae,Seattle_WA,1999,41.6.15,6,15,41,36410,250,13.43,16.37,16.37,15.46,yes,4th,24.08333333,15.36,9.3,17.9,-0.91
577,Pieris_rapae,Seattle_WA,1999,41.6.15,6,15,41,36410,250,13.43,15.46,15.46,NA,no,4th,31.08333333,9.3,16.3,7,NA
578,Pieris_rapae,Seattle_WA,1999,41.13.6,13,6,41,36409,249,10.7,10.7,10.7,10.7,yes,4th,0,9.25,9.25,0,0
579,Pieris_rapae,Seattle_WA,1999,41.13.6,13,6,41,36409,249,10.7,10.7,10.7,15.3,yes,4th,6.183333333,9.25,15.36,6.183333333,4.6
580,Pieris_rapae,Seattle_WA,1999,41.13.6,13,6,41,36410,250,10.7,15.3,15.3,8.27,no,4th,24.08333333,15.36,9.3,17.9,-7.03
581,Pieris_rapae,Seattle_WA,1999,41.13.6,13,6,41,36410,250,10.7,8.27,8.27,NA,no,4th,31.08333333,9.3,16.3,7,NA
582,Pieris_rapae,Seattle_WA,1999,41.13.7,13,7,41,36409,249,15.39,15.39,15.39,15.39,yes,4th,0,9.25,9.25,0,0
583,Pieris_rapae,Seattle_WA,1999,41.13.7,13,7,41,36409,249,15.39,15.39,15.39,16.19,yes,4th,6.183333333,9.25,15.36,6.183333333,0.8
584,Pieris_rapae,Seattle_WA,1999,41.13.7,13,7,41,36410,250,15.39,16.19,16.19,14.18,yes,4th,24.08333333,15.36,9.3,17.9,-2.01
585,Pieris_rapae,Seattle_WA,1999,41.13.7,13,7,41,36410,250,15.39,14.18,14.18,NA,no,4th,31.08333333,9.3,16.3,7,NA
586,Pieris_rapae,Seattle_WA,1999,41.13.8,13,8,41,36409,249,12.69,12.69,12.69,12.69,yes,4th,0,9.25,9.25,0,0
587,Pieris_rapae,Seattle_WA,1999,41.13.8,13,8,41,36409,249,12.69,12.69,12.69,16.64,yes,4th,6.183333333,9.25,15.36,6.183333333,3.95
588,Pieris_rapae,Seattle_WA,1999,41.13.8,13,8,41,36410,250,12.69,16.64,16.64,17.03,yes,4th,24.08333333,15.36,9.3,17.9,0.39
589,Pieris_rapae,Seattle_WA,1999,41.13.8,13,8,41,36410,250,12.69,17.03,17.03,NA,no,4th,31.08333333,9.3,16.3,7,NA
590,Pieris_rapae,Seattle_WA,1999,41.15.1,15,1,41,36409,249,14.01,14.01,14.01,14.01,yes,4th,0,9.25,9.25,0,0
591,Pieris_rapae,Seattle_WA,1999,41.15.1,15,1,41,36409,249,14.01,14.01,14.01,13.67,yes,4th,6.183333333,9.25,15.36,6.183333333,-0.34
592,Pieris_rapae,Seattle_WA,1999,41.15.1,15,1,41,36410,250,14.01,13.67,13.67,10.49,no,4th,24.08333333,15.36,9.3,17.9,-3.18
593,Pieris_rapae,Seattle_WA,1999,41.15.1,15,1,41,36410,250,14.01,10.49,10.49,NA,no,4th,31.08333333,9.3,16.3,7,NA
594,Pieris_rapae,Seattle_WA,1999,41.16.2,16,2,41,36409,249,11.2,11.2,11.2,11.2,yes,4th,0,9.25,9.25,0,0
595,Pieris_rapae,Seattle_WA,1999,41.16.2,16,2,41,36409,249,11.2,11.2,11.2,10.68,no,4th,6.183333333,9.25,15.36,6.183333333,-0.52
596,Pieris_rapae,Seattle_WA,1999,41.16.2,16,2,41,36410,250,11.2,10.68,10.68,NA,no,4th,24.08333333,15.36,9.3,17.9,NA
597,Pieris_rapae,Seattle_WA,1999,41.16.2,16,2,41,36410,250,11.2,NA,NA,NA,no,4th,31.08333333,9.3,16.3,7,NA
598,Pieris_rapae,Seattle_WA,1999,41.19.9,19,9,41,36409,249,10.76,10.76,10.76,10.76,yes,4th,0,9.25,9.25,0,0
599,Pieris_rapae,Seattle_WA,1999,41.19.9,19,9,41,36409,249,10.76,10.76,10.76,11.44,yes,4th,6.183333333,9.25,15.36,6.183333333,0.68
600,Pieris_rapae,Seattle_WA,1999,41.19.9,19,9,41,36410,250,10.76,11.44,11.44,9.48,yes,4th,24.08333333,15.36,9.3,17.9,-1.96
601,Pieris_rapae,Seattle_WA,1999,41.19.9,19,9,41,36410,250,10.76,9.48,9.48,NA,no,4th,31.08333333,9.3,16.3,7,NA
602,Pieris_rapae,Seattle_WA,1999,41.19.10,19,10,41,36409,249,10.78,10.78,10.78,10.78,yes,4th,0,9.25,9.25,0,0
603,Pieris_rapae,Seattle_WA,1999,41.19.10,19,10,41,36409,249,10.78,10.78,10.78,12.32,yes,4th,6.183333333,9.25,15.36,6.183333333,1.54
604,Pieris_rapae,Seattle_WA,1999,41.19.10,19,10,41,36410,250,10.78,12.32,12.32,NA,no,4th,24.08333333,15.36,9.3,17.9,NA
605,Pieris_rapae,Seattle_WA,1999,41.19.10,19,10,41,36410,250,10.78,NA,NA,NA,no,4th,31.08333333,9.3,16.3,7,NA
606,Pieris_rapae,Seattle_WA,1999,41.19.11,19,11,41,36409,249,11.34,11.34,11.34,11.34,yes,4th,0,9.25,9.25,0,0
607,Pieris_rapae,Seattle_WA,1999,41.19.11,19,11,41,36409,249,11.34,11.34,11.34,13.41,yes,4th,6.183333333,9.25,15.36,6.183333333,2.07
608,Pieris_rapae,Seattle_WA,1999,41.19.11,19,11,41,36410,250,11.34,13.41,13.41,7.99,no,4th,24.08333333,15.36,9.3,17.9,-5.42
609,Pieris_rapae,Seattle_WA,1999,41.19.11,19,11,41,36410,250,11.34,7.99,7.99,NA,no,4th,31.08333333,9.3,16.3,7,NA
610,Pieris_rapae,Seattle_WA,1999,41.22.3,22,3,41,36409,249,12.1,12.1,12.1,12.1,yes,4th,0,9.25,9.25,0,0
611,Pieris_rapae,Seattle_WA,1999,41.22.3,22,3,41,36409,249,12.1,12.1,12.1,13.69,yes,4th,6.183333333,9.25,15.36,6.183333333,1.59
612,Pieris_rapae,Seattle_WA,1999,41.22.3,22,3,41,36410,250,12.1,13.69,13.69,12.11,yes,4th,24.08333333,15.36,9.3,17.9,-1.58
613,Pieris_rapae,Seattle_WA,1999,41.22.3,22,3,41,36410,250,12.1,12.11,12.11,NA,no,4th,31.08333333,9.3,16.3,7,NA
614,Pieris_rapae,Seattle_WA,1999,41.22.4,22,4,41,36409,249,11.61,11.61,11.61,11.61,yes,4th,0,9.25,9.25,0,0
615,Pieris_rapae,Seattle_WA,1999,41.22.4,22,4,41,36409,249,11.61,11.61,11.61,12.51,yes,4th,6.183333333,9.25,15.36,6.183333333,0.9
616,Pieris_rapae,Seattle_WA,1999,41.22.4,22,4,41,36410,250,11.61,12.51,12.51,6.11,no,4th,24.08333333,15.36,9.3,17.9,-6.4
617,Pieris_rapae,Seattle_WA,1999,41.22.4,22,4,41,36410,250,11.61,6.11,6.11,NA,no,4th,31.08333333,9.3,16.3,7,NA
618,Pieris_rapae,Seattle_WA,1999,41.22.5,22,5,41,36409,249,13.33,13.33,13.33,13.33,yes,4th,0,9.25,9.25,0,0
619,Pieris_rapae,Seattle_WA,1999,41.22.5,22,5,41,36409,249,13.33,13.33,13.33,12.18,yes,4th,6.183333333,9.25,15.36,6.183333333,-1.15
620,Pieris_rapae,Seattle_WA,1999,41.22.5,22,5,41,36410,250,13.33,12.18,12.18,6.56,no,4th,24.08333333,15.36,9.3,17.9,-5.62
621,Pieris_rapae,Seattle_WA,1999,41.22.5,22,5,41,36410,250,13.33,6.56,6.56,NA,no,4th,31.08333333,9.3,16.3,7,NA